-- MySQL dump 10.13  Distrib 8.0.43, for Win64 (x86_64)
--
-- Host: localhost    Database: bedcom
-- ------------------------------------------------------
-- Server version	8.0.43

/*!40101 SET @OLD_CHARACTER_SET_CLIENT=@@CHARACTER_SET_CLIENT */;
/*!40101 SET @OLD_CHARACTER_SET_RESULTS=@@CHARACTER_SET_RESULTS */;
/*!40101 SET @OLD_COLLATION_CONNECTION=@@COLLATION_CONNECTION */;
/*!50503 SET NAMES utf8mb4 */;
/*!40103 SET @OLD_TIME_ZONE=@@TIME_ZONE */;
/*!40103 SET TIME_ZONE='+00:00' */;
/*!40014 SET @OLD_UNIQUE_CHECKS=@@UNIQUE_CHECKS, UNIQUE_CHECKS=0 */;
/*!40014 SET @OLD_FOREIGN_KEY_CHECKS=@@FOREIGN_KEY_CHECKS, FOREIGN_KEY_CHECKS=0 */;
/*!40101 SET @OLD_SQL_MODE=@@SQL_MODE, SQL_MODE='NO_AUTO_VALUE_ON_ZERO' */;
/*!40111 SET @OLD_SQL_NOTES=@@SQL_NOTES, SQL_NOTES=0 */;

--
-- Table structure for table `auth_group`
--

DROP TABLE IF EXISTS `auth_group`;
/*!40101 SET @saved_cs_client     = @@character_set_client */;
/*!50503 SET character_set_client = utf8mb4 */;
CREATE TABLE `auth_group` (
  `id` int NOT NULL AUTO_INCREMENT,
  `name` varchar(150) NOT NULL,
  PRIMARY KEY (`id`),
  UNIQUE KEY `name` (`name`)
) ENGINE=InnoDB DEFAULT CHARSET=utf8mb4 COLLATE=utf8mb4_0900_ai_ci;
/*!40101 SET character_set_client = @saved_cs_client */;

--
-- Dumping data for table `auth_group`
--

LOCK TABLES `auth_group` WRITE;
/*!40000 ALTER TABLE `auth_group` DISABLE KEYS */;
/*!40000 ALTER TABLE `auth_group` ENABLE KEYS */;
UNLOCK TABLES;

--
-- Table structure for table `auth_group_permissions`
--

DROP TABLE IF EXISTS `auth_group_permissions`;
/*!40101 SET @saved_cs_client     = @@character_set_client */;
/*!50503 SET character_set_client = utf8mb4 */;
CREATE TABLE `auth_group_permissions` (
  `id` bigint NOT NULL AUTO_INCREMENT,
  `group_id` int NOT NULL,
  `permission_id` int NOT NULL,
  PRIMARY KEY (`id`),
  UNIQUE KEY `auth_group_permissions_group_id_permission_id_0cd325b0_uniq` (`group_id`,`permission_id`),
  KEY `auth_group_permissio_permission_id_84c5c92e_fk_auth_perm` (`permission_id`),
  CONSTRAINT `auth_group_permissio_permission_id_84c5c92e_fk_auth_perm` FOREIGN KEY (`permission_id`) REFERENCES `auth_permission` (`id`),
  CONSTRAINT `auth_group_permissions_group_id_b120cbf9_fk_auth_group_id` FOREIGN KEY (`group_id`) REFERENCES `auth_group` (`id`)
) ENGINE=InnoDB DEFAULT CHARSET=utf8mb4 COLLATE=utf8mb4_0900_ai_ci;
/*!40101 SET character_set_client = @saved_cs_client */;

--
-- Dumping data for table `auth_group_permissions`
--

LOCK TABLES `auth_group_permissions` WRITE;
/*!40000 ALTER TABLE `auth_group_permissions` DISABLE KEYS */;
/*!40000 ALTER TABLE `auth_group_permissions` ENABLE KEYS */;
UNLOCK TABLES;

--
-- Table structure for table `auth_permission`
--

DROP TABLE IF EXISTS `auth_permission`;
/*!40101 SET @saved_cs_client     = @@character_set_client */;
/*!50503 SET character_set_client = utf8mb4 */;
CREATE TABLE `auth_permission` (
  `id` int NOT NULL AUTO_INCREMENT,
  `name` varchar(255) NOT NULL,
  `content_type_id` int NOT NULL,
  `codename` varchar(100) NOT NULL,
  PRIMARY KEY (`id`),
  UNIQUE KEY `auth_permission_content_type_id_codename_01ab375a_uniq` (`content_type_id`,`codename`),
  CONSTRAINT `auth_permission_content_type_id_2f476e4b_fk_django_co` FOREIGN KEY (`content_type_id`) REFERENCES `django_content_type` (`id`)
) ENGINE=InnoDB AUTO_INCREMENT=133 DEFAULT CHARSET=utf8mb4 COLLATE=utf8mb4_0900_ai_ci;
/*!40101 SET character_set_client = @saved_cs_client */;

--
-- Dumping data for table `auth_permission`
--

LOCK TABLES `auth_permission` WRITE;
/*!40000 ALTER TABLE `auth_permission` DISABLE KEYS */;
INSERT INTO `auth_permission` VALUES (1,'Can add log entry',1,'add_logentry'),(2,'Can change log entry',1,'change_logentry'),(3,'Can delete log entry',1,'delete_logentry'),(4,'Can view log entry',1,'view_logentry'),(5,'Can add permission',3,'add_permission'),(6,'Can change permission',3,'change_permission'),(7,'Can delete permission',3,'delete_permission'),(8,'Can view permission',3,'view_permission'),(9,'Can add group',2,'add_group'),(10,'Can change group',2,'change_group'),(11,'Can delete group',2,'delete_group'),(12,'Can view group',2,'view_group'),(13,'Can add content type',4,'add_contenttype'),(14,'Can change content type',4,'change_contenttype'),(15,'Can delete content type',4,'delete_contenttype'),(16,'Can view content type',4,'view_contenttype'),(17,'Can add session',5,'add_session'),(18,'Can change session',5,'change_session'),(19,'Can delete session',5,'delete_session'),(20,'Can view session',5,'view_session'),(21,'Can add Categoría',8,'add_categoria'),(22,'Can change Categoría',8,'change_categoria'),(23,'Can delete Categoría',8,'delete_categoria'),(24,'Can view Categoría',8,'view_categoria'),(25,'Can add Categoría de Evento',9,'add_categoriaevento'),(26,'Can change Categoría de Evento',9,'change_categoriaevento'),(27,'Can delete Categoría de Evento',9,'delete_categoriaevento'),(28,'Can view Categoría de Evento',9,'view_categoriaevento'),(29,'Can add Cliente',10,'add_cliente'),(30,'Can change Cliente',10,'change_cliente'),(31,'Can delete Cliente',10,'delete_cliente'),(32,'Can view Cliente',10,'view_cliente'),(33,'Can add Mantenimiento',15,'add_mantenimiento'),(34,'Can change Mantenimiento',15,'change_mantenimiento'),(35,'Can delete Mantenimiento',15,'delete_mantenimiento'),(36,'Can view Mantenimiento',15,'view_mantenimiento'),(37,'Can add Notificación',19,'add_notificacion'),(38,'Can change Notificación',19,'change_notificacion'),(39,'Can delete Notificación',19,'delete_notificacion'),(40,'Can view Notificación',19,'view_notificacion'),(41,'Can add Proveedor',23,'add_proveedor'),(42,'Can change Proveedor',23,'change_proveedor'),(43,'Can delete Proveedor',23,'delete_proveedor'),(44,'Can view Proveedor',23,'view_proveedor'),(45,'Can add Respaldo',25,'add_respaldo'),(46,'Can change Respaldo',25,'change_respaldo'),(47,'Can delete Respaldo',25,'delete_respaldo'),(48,'Can view Respaldo',25,'view_respaldo'),(49,'Can add usuario',28,'add_usuario'),(50,'Can change usuario',28,'change_usuario'),(51,'Can delete usuario',28,'delete_usuario'),(52,'Can view usuario',28,'view_usuario'),(53,'Can add Evento',7,'add_calendario'),(54,'Can change Evento',7,'change_calendario'),(55,'Can delete Evento',7,'delete_calendario'),(56,'Can view Evento',7,'view_calendario'),(57,'Can add Historial de Acción',16,'add_historial_acciones'),(58,'Can change Historial de Acción',16,'change_historial_acciones'),(59,'Can delete Historial de Acción',16,'delete_historial_acciones'),(60,'Can view Historial de Acción',16,'view_historial_acciones'),(61,'Can add Insumo',17,'add_insumo'),(62,'Can change Insumo',17,'change_insumo'),(63,'Can delete Insumo',17,'delete_insumo'),(64,'Can view Insumo',17,'view_insumo'),(65,'Can add Mantenimiento',18,'add_mantenimiento'),(66,'Can change Mantenimiento',18,'change_mantenimiento'),(67,'Can delete Mantenimiento',18,'delete_mantenimiento'),(68,'Can view Mantenimiento',18,'view_mantenimiento'),(69,'Can add Pedido',21,'add_pedido'),(70,'Can change Pedido',21,'change_pedido'),(71,'Can delete Pedido',21,'delete_pedido'),(72,'Can view Pedido',21,'view_pedido'),(73,'Can add pago',20,'add_pago'),(74,'Can change pago',20,'change_pago'),(75,'Can delete pago',20,'delete_pago'),(76,'Can view pago',20,'view_pago'),(77,'Can add Producto',22,'add_producto'),(78,'Can change Producto',22,'change_producto'),(79,'Can delete Producto',22,'delete_producto'),(80,'Can view Producto',22,'view_producto'),(81,'Can add detalle_pedido',13,'add_detalle_pedido'),(82,'Can change detalle_pedido',13,'change_detalle_pedido'),(83,'Can delete detalle_pedido',13,'delete_detalle_pedido'),(84,'Can view detalle_pedido',13,'view_detalle_pedido'),(85,'Can add Entrada de Producto',14,'add_entrada'),(86,'Can change Entrada de Producto',14,'change_entrada'),(87,'Can delete Entrada de Producto',14,'delete_entrada'),(88,'Can view Entrada de Producto',14,'view_entrada'),(89,'Can add Reporte',24,'add_reporte'),(90,'Can change Reporte',24,'change_reporte'),(91,'Can delete Reporte',24,'delete_reporte'),(92,'Can view Reporte',24,'view_reporte'),(93,'Can add Salida de Producto',26,'add_salida_producto'),(94,'Can change Salida de Producto',26,'change_salida_producto'),(95,'Can delete Salida de Producto',26,'delete_salida_producto'),(96,'Can view Salida de Producto',26,'view_salida_producto'),(97,'Can add Supervisión',27,'add_supervision'),(98,'Can change Supervisión',27,'change_supervision'),(99,'Can delete Supervisión',27,'delete_supervision'),(100,'Can view Supervisión',27,'view_supervision'),(101,'Can add Despacho',12,'add_despacho'),(102,'Can change Despacho',12,'change_despacho'),(103,'Can delete Despacho',12,'delete_despacho'),(104,'Can view Despacho',12,'view_despacho'),(105,'Can add bom (Estructura de Producto)',6,'add_bom'),(106,'Can change bom (Estructura de Producto)',6,'change_bom'),(107,'Can delete bom (Estructura de Producto)',6,'delete_bom'),(108,'Can view bom (Estructura de Producto)',6,'view_bom'),(109,'Can add compra',11,'add_compra'),(110,'Can change compra',11,'change_compra'),(111,'Can delete compra',11,'delete_compra'),(112,'Can view compra',11,'view_compra'),(113,'Can add access attempt',29,'add_accessattempt'),(114,'Can change access attempt',29,'change_accessattempt'),(115,'Can delete access attempt',29,'delete_accessattempt'),(116,'Can view access attempt',29,'view_accessattempt'),(117,'Can add access log',32,'add_accesslog'),(118,'Can change access log',32,'change_accesslog'),(119,'Can delete access log',32,'delete_accesslog'),(120,'Can view access log',32,'view_accesslog'),(121,'Can add access failure',31,'add_accessfailurelog'),(122,'Can change access failure',31,'change_accessfailurelog'),(123,'Can delete access failure',31,'delete_accessfailurelog'),(124,'Can view access failure',31,'view_accessfailurelog'),(125,'Can add access attempt expiration',30,'add_accessattemptexpiration'),(126,'Can change access attempt expiration',30,'change_accessattemptexpiration'),(127,'Can delete access attempt expiration',30,'delete_accessattemptexpiration'),(128,'Can view access attempt expiration',30,'view_accessattemptexpiration'),(129,'Can add Perfil de Usuario',33,'add_perfilusuario'),(130,'Can change Perfil de Usuario',33,'change_perfilusuario'),(131,'Can delete Perfil de Usuario',33,'delete_perfilusuario'),(132,'Can view Perfil de Usuario',33,'view_perfilusuario');
/*!40000 ALTER TABLE `auth_permission` ENABLE KEYS */;
UNLOCK TABLES;

--
-- Table structure for table `axes_accessattempt`
--

DROP TABLE IF EXISTS `axes_accessattempt`;
/*!40101 SET @saved_cs_client     = @@character_set_client */;
/*!50503 SET character_set_client = utf8mb4 */;
CREATE TABLE `axes_accessattempt` (
  `id` int NOT NULL AUTO_INCREMENT,
  `user_agent` varchar(255) NOT NULL,
  `ip_address` char(39) DEFAULT NULL,
  `username` varchar(255) DEFAULT NULL,
  `http_accept` varchar(1025) NOT NULL,
  `path_info` varchar(255) NOT NULL,
  `attempt_time` datetime(6) NOT NULL,
  `get_data` longtext NOT NULL,
  `post_data` longtext NOT NULL,
  `failures_since_start` int unsigned NOT NULL,
  PRIMARY KEY (`id`),
  UNIQUE KEY `axes_accessattempt_username_ip_address_user_agent_8ea22282_uniq` (`username`,`ip_address`,`user_agent`),
  KEY `axes_accessattempt_ip_address_10922d9c` (`ip_address`),
  KEY `axes_accessattempt_user_agent_ad89678b` (`user_agent`),
  KEY `axes_accessattempt_username_3f2d4ca0` (`username`),
  CONSTRAINT `axes_accessattempt_chk_1` CHECK ((`failures_since_start` >= 0))
) ENGINE=InnoDB DEFAULT CHARSET=utf8mb4 COLLATE=utf8mb4_0900_ai_ci;
/*!40101 SET character_set_client = @saved_cs_client */;

--
-- Dumping data for table `axes_accessattempt`
--

LOCK TABLES `axes_accessattempt` WRITE;
/*!40000 ALTER TABLE `axes_accessattempt` DISABLE KEYS */;
/*!40000 ALTER TABLE `axes_accessattempt` ENABLE KEYS */;
UNLOCK TABLES;

--
-- Table structure for table `axes_accessattemptexpiration`
--

DROP TABLE IF EXISTS `axes_accessattemptexpiration`;
/*!40101 SET @saved_cs_client     = @@character_set_client */;
/*!50503 SET character_set_client = utf8mb4 */;
CREATE TABLE `axes_accessattemptexpiration` (
  `access_attempt_id` int NOT NULL,
  `expires_at` datetime(6) NOT NULL,
  PRIMARY KEY (`access_attempt_id`),
  CONSTRAINT `axes_accessattemptex_access_attempt_id_6b73a47a_fk_axes_acce` FOREIGN KEY (`access_attempt_id`) REFERENCES `axes_accessattempt` (`id`)
) ENGINE=InnoDB DEFAULT CHARSET=utf8mb4 COLLATE=utf8mb4_0900_ai_ci;
/*!40101 SET character_set_client = @saved_cs_client */;

--
-- Dumping data for table `axes_accessattemptexpiration`
--

LOCK TABLES `axes_accessattemptexpiration` WRITE;
/*!40000 ALTER TABLE `axes_accessattemptexpiration` DISABLE KEYS */;
/*!40000 ALTER TABLE `axes_accessattemptexpiration` ENABLE KEYS */;
UNLOCK TABLES;

--
-- Table structure for table `axes_accessfailurelog`
--

DROP TABLE IF EXISTS `axes_accessfailurelog`;
/*!40101 SET @saved_cs_client     = @@character_set_client */;
/*!50503 SET character_set_client = utf8mb4 */;
CREATE TABLE `axes_accessfailurelog` (
  `id` int NOT NULL AUTO_INCREMENT,
  `user_agent` varchar(255) NOT NULL,
  `ip_address` char(39) DEFAULT NULL,
  `username` varchar(255) DEFAULT NULL,
  `http_accept` varchar(1025) NOT NULL,
  `path_info` varchar(255) NOT NULL,
  `attempt_time` datetime(6) NOT NULL,
  `locked_out` tinyint(1) NOT NULL,
  PRIMARY KEY (`id`),
  KEY `axes_accessfailurelog_user_agent_ea145dda` (`user_agent`),
  KEY `axes_accessfailurelog_ip_address_2e9f5a7f` (`ip_address`),
  KEY `axes_accessfailurelog_username_a8b7e8a4` (`username`)
) ENGINE=InnoDB DEFAULT CHARSET=utf8mb4 COLLATE=utf8mb4_0900_ai_ci;
/*!40101 SET character_set_client = @saved_cs_client */;

--
-- Dumping data for table `axes_accessfailurelog`
--

LOCK TABLES `axes_accessfailurelog` WRITE;
/*!40000 ALTER TABLE `axes_accessfailurelog` DISABLE KEYS */;
/*!40000 ALTER TABLE `axes_accessfailurelog` ENABLE KEYS */;
UNLOCK TABLES;

--
-- Table structure for table `axes_accesslog`
--

DROP TABLE IF EXISTS `axes_accesslog`;
/*!40101 SET @saved_cs_client     = @@character_set_client */;
/*!50503 SET character_set_client = utf8mb4 */;
CREATE TABLE `axes_accesslog` (
  `id` int NOT NULL AUTO_INCREMENT,
  `user_agent` varchar(255) NOT NULL,
  `ip_address` char(39) DEFAULT NULL,
  `username` varchar(255) DEFAULT NULL,
  `http_accept` varchar(1025) NOT NULL,
  `path_info` varchar(255) NOT NULL,
  `attempt_time` datetime(6) NOT NULL,
  `logout_time` datetime(6) DEFAULT NULL,
  `session_hash` varchar(64) NOT NULL,
  PRIMARY KEY (`id`),
  KEY `axes_accesslog_ip_address_86b417e5` (`ip_address`),
  KEY `axes_accesslog_user_agent_0e659004` (`user_agent`),
  KEY `axes_accesslog_username_df93064b` (`username`)
) ENGINE=InnoDB AUTO_INCREMENT=2 DEFAULT CHARSET=utf8mb4 COLLATE=utf8mb4_0900_ai_ci;
/*!40101 SET character_set_client = @saved_cs_client */;

--
-- Dumping data for table `axes_accesslog`
--

LOCK TABLES `axes_accesslog` WRITE;
/*!40000 ALTER TABLE `axes_accesslog` DISABLE KEYS */;
INSERT INTO `axes_accesslog` VALUES (1,'Mozilla/5.0 (Windows NT 10.0; Win64; x64) AppleWebKit/537.36 (KHTML, like Gecko) Chrome/146.0.0.0 Safari/537.36','127.0.0.1','luis','text/html,application/xhtml+xml,application/xml;q=0.9,image/avif,image/webp,image/apng,*/*;q=0.8,application/signed-exchange;v=b3;q=0.7','/login/','2026-04-06 13:15:02.777616',NULL,'afe53517e2bd03f528f28be6011397027331ae73a9b2182cc2375ddc3c28b1a7');
/*!40000 ALTER TABLE `axes_accesslog` ENABLE KEYS */;
UNLOCK TABLES;

--
-- Table structure for table `calendario`
--

DROP TABLE IF EXISTS `calendario`;
/*!40101 SET @saved_cs_client     = @@character_set_client */;
/*!50503 SET character_set_client = utf8mb4 */;
CREATE TABLE `calendario` (
  `id` bigint NOT NULL AUTO_INCREMENT,
  `titulo` varchar(100) NOT NULL,
  `fecha` date NOT NULL,
  `hora` time(6) NOT NULL,
  `descripcion` longtext,
  `modo_completado` varchar(15) NOT NULL,
  `estado` varchar(20) NOT NULL,
  `categoria_id` bigint NOT NULL,
  PRIMARY KEY (`id`),
  KEY `calendario_categoria_id_e2e85333_fk_categoria_evento_id` (`categoria_id`),
  CONSTRAINT `calendario_categoria_id_e2e85333_fk_categoria_evento_id` FOREIGN KEY (`categoria_id`) REFERENCES `categoria_evento` (`id`)
) ENGINE=InnoDB DEFAULT CHARSET=utf8mb4 COLLATE=utf8mb4_0900_ai_ci;
/*!40101 SET character_set_client = @saved_cs_client */;

--
-- Dumping data for table `calendario`
--

LOCK TABLES `calendario` WRITE;
/*!40000 ALTER TABLE `calendario` DISABLE KEYS */;
/*!40000 ALTER TABLE `calendario` ENABLE KEYS */;
UNLOCK TABLES;

--
-- Table structure for table `categoria_evento`
--

DROP TABLE IF EXISTS `categoria_evento`;
/*!40101 SET @saved_cs_client     = @@character_set_client */;
/*!50503 SET character_set_client = utf8mb4 */;
CREATE TABLE `categoria_evento` (
  `id` bigint NOT NULL AUTO_INCREMENT,
  `nombre` varchar(50) NOT NULL,
  `color` varchar(7) NOT NULL,
  `descripcion` longtext NOT NULL,
  `estado` tinyint(1) NOT NULL,
  PRIMARY KEY (`id`),
  UNIQUE KEY `nombre` (`nombre`)
) ENGINE=InnoDB DEFAULT CHARSET=utf8mb4 COLLATE=utf8mb4_0900_ai_ci;
/*!40101 SET character_set_client = @saved_cs_client */;

--
-- Dumping data for table `categoria_evento`
--

LOCK TABLES `categoria_evento` WRITE;
/*!40000 ALTER TABLE `categoria_evento` DISABLE KEYS */;
/*!40000 ALTER TABLE `categoria_evento` ENABLE KEYS */;
UNLOCK TABLES;

--
-- Table structure for table `categorias`
--

DROP TABLE IF EXISTS `categorias`;
/*!40101 SET @saved_cs_client     = @@character_set_client */;
/*!50503 SET character_set_client = utf8mb4 */;
CREATE TABLE `categorias` (
  `id` bigint NOT NULL AUTO_INCREMENT,
  `nombre` varchar(100) NOT NULL,
  `descripcion` longtext NOT NULL,
  `tipo` varchar(20) NOT NULL,
  `estado` tinyint(1) NOT NULL,
  PRIMARY KEY (`id`),
  UNIQUE KEY `nombre` (`nombre`)
) ENGINE=InnoDB DEFAULT CHARSET=utf8mb4 COLLATE=utf8mb4_0900_ai_ci;
/*!40101 SET character_set_client = @saved_cs_client */;

--
-- Dumping data for table `categorias`
--

LOCK TABLES `categorias` WRITE;
/*!40000 ALTER TABLE `categorias` DISABLE KEYS */;
/*!40000 ALTER TABLE `categorias` ENABLE KEYS */;
UNLOCK TABLES;

--
-- Table structure for table `clientes`
--

DROP TABLE IF EXISTS `clientes`;
/*!40101 SET @saved_cs_client     = @@character_set_client */;
/*!50503 SET character_set_client = utf8mb4 */;
CREATE TABLE `clientes` (
  `id` bigint NOT NULL AUTO_INCREMENT,
  `cedula` varchar(20) NOT NULL,
  `nombre` varchar(100) NOT NULL,
  `telefono` varchar(15) NOT NULL,
  `direccion` varchar(200) NOT NULL,
  `estado` tinyint(1) NOT NULL,
  PRIMARY KEY (`id`),
  UNIQUE KEY `cedula` (`cedula`)
) ENGINE=InnoDB DEFAULT CHARSET=utf8mb4 COLLATE=utf8mb4_0900_ai_ci;
/*!40101 SET character_set_client = @saved_cs_client */;

--
-- Dumping data for table `clientes`
--

LOCK TABLES `clientes` WRITE;
/*!40000 ALTER TABLE `clientes` DISABLE KEYS */;
/*!40000 ALTER TABLE `clientes` ENABLE KEYS */;
UNLOCK TABLES;

--
-- Table structure for table `despacho`
--

DROP TABLE IF EXISTS `despacho`;
/*!40101 SET @saved_cs_client     = @@character_set_client */;
/*!50503 SET character_set_client = utf8mb4 */;
CREATE TABLE `despacho` (
  `id` bigint NOT NULL AUTO_INCREMENT,
  `fecha` date NOT NULL,
  `estado_entrega` varchar(50) NOT NULL,
  `pedido_id` bigint NOT NULL,
  `supervision_id` bigint DEFAULT NULL,
  PRIMARY KEY (`id`),
  KEY `despacho_pedido_id_b9615fc5_fk_pedido_id` (`pedido_id`),
  KEY `despacho_supervision_id_70f698b3_fk_supervision_id` (`supervision_id`),
  CONSTRAINT `despacho_pedido_id_b9615fc5_fk_pedido_id` FOREIGN KEY (`pedido_id`) REFERENCES `pedido` (`id`),
  CONSTRAINT `despacho_supervision_id_70f698b3_fk_supervision_id` FOREIGN KEY (`supervision_id`) REFERENCES `supervision` (`id`)
) ENGINE=InnoDB DEFAULT CHARSET=utf8mb4 COLLATE=utf8mb4_0900_ai_ci;
/*!40101 SET character_set_client = @saved_cs_client */;

--
-- Dumping data for table `despacho`
--

LOCK TABLES `despacho` WRITE;
/*!40000 ALTER TABLE `despacho` DISABLE KEYS */;
/*!40000 ALTER TABLE `despacho` ENABLE KEYS */;
UNLOCK TABLES;

--
-- Table structure for table `detalle_pedido`
--

DROP TABLE IF EXISTS `detalle_pedido`;
/*!40101 SET @saved_cs_client     = @@character_set_client */;
/*!50503 SET character_set_client = utf8mb4 */;
CREATE TABLE `detalle_pedido` (
  `id` bigint NOT NULL AUTO_INCREMENT,
  `cantidad` int NOT NULL,
  `precio_unitario` decimal(10,2) NOT NULL,
  `sub_total` decimal(10,2) NOT NULL,
  `observaciones` longtext,
  `pedido_id` bigint NOT NULL,
  `producto_id` bigint NOT NULL,
  PRIMARY KEY (`id`),
  KEY `detalle_pedido_pedido_id_75d4855e_fk_pedido_id` (`pedido_id`),
  KEY `detalle_pedido_producto_id_bc3adbcb_fk_productos_id` (`producto_id`),
  CONSTRAINT `detalle_pedido_pedido_id_75d4855e_fk_pedido_id` FOREIGN KEY (`pedido_id`) REFERENCES `pedido` (`id`),
  CONSTRAINT `detalle_pedido_producto_id_bc3adbcb_fk_productos_id` FOREIGN KEY (`producto_id`) REFERENCES `productos` (`id`)
) ENGINE=InnoDB DEFAULT CHARSET=utf8mb4 COLLATE=utf8mb4_0900_ai_ci;
/*!40101 SET character_set_client = @saved_cs_client */;

--
-- Dumping data for table `detalle_pedido`
--

LOCK TABLES `detalle_pedido` WRITE;
/*!40000 ALTER TABLE `detalle_pedido` DISABLE KEYS */;
/*!40000 ALTER TABLE `detalle_pedido` ENABLE KEYS */;
UNLOCK TABLES;

--
-- Table structure for table `django_admin_log`
--

DROP TABLE IF EXISTS `django_admin_log`;
/*!40101 SET @saved_cs_client     = @@character_set_client */;
/*!50503 SET character_set_client = utf8mb4 */;
CREATE TABLE `django_admin_log` (
  `id` int NOT NULL AUTO_INCREMENT,
  `action_time` datetime(6) NOT NULL,
  `object_id` longtext,
  `object_repr` varchar(200) NOT NULL,
  `action_flag` smallint unsigned NOT NULL,
  `change_message` longtext NOT NULL,
  `content_type_id` int DEFAULT NULL,
  `user_id` bigint NOT NULL,
  PRIMARY KEY (`id`),
  KEY `django_admin_log_content_type_id_c4bce8eb_fk_django_co` (`content_type_id`),
  KEY `django_admin_log_user_id_c564eba6_fk_usuarios_id` (`user_id`),
  CONSTRAINT `django_admin_log_content_type_id_c4bce8eb_fk_django_co` FOREIGN KEY (`content_type_id`) REFERENCES `django_content_type` (`id`),
  CONSTRAINT `django_admin_log_user_id_c564eba6_fk_usuarios_id` FOREIGN KEY (`user_id`) REFERENCES `usuarios` (`id`),
  CONSTRAINT `django_admin_log_chk_1` CHECK ((`action_flag` >= 0))
) ENGINE=InnoDB DEFAULT CHARSET=utf8mb4 COLLATE=utf8mb4_0900_ai_ci;
/*!40101 SET character_set_client = @saved_cs_client */;

--
-- Dumping data for table `django_admin_log`
--

LOCK TABLES `django_admin_log` WRITE;
/*!40000 ALTER TABLE `django_admin_log` DISABLE KEYS */;
/*!40000 ALTER TABLE `django_admin_log` ENABLE KEYS */;
UNLOCK TABLES;

--
-- Table structure for table `django_content_type`
--

DROP TABLE IF EXISTS `django_content_type`;
/*!40101 SET @saved_cs_client     = @@character_set_client */;
/*!50503 SET character_set_client = utf8mb4 */;
CREATE TABLE `django_content_type` (
  `id` int NOT NULL AUTO_INCREMENT,
  `app_label` varchar(100) NOT NULL,
  `model` varchar(100) NOT NULL,
  PRIMARY KEY (`id`),
  UNIQUE KEY `django_content_type_app_label_model_76bd3d3b_uniq` (`app_label`,`model`)
) ENGINE=InnoDB AUTO_INCREMENT=34 DEFAULT CHARSET=utf8mb4 COLLATE=utf8mb4_0900_ai_ci;
/*!40101 SET character_set_client = @saved_cs_client */;

--
-- Dumping data for table `django_content_type`
--

LOCK TABLES `django_content_type` WRITE;
/*!40000 ALTER TABLE `django_content_type` DISABLE KEYS */;
INSERT INTO `django_content_type` VALUES (1,'admin','logentry'),(6,'app','bom'),(7,'app','calendario'),(8,'app','categoria'),(9,'app','categoriaevento'),(10,'app','cliente'),(11,'app','compra'),(12,'app','despacho'),(13,'app','detalle_pedido'),(14,'app','entrada'),(15,'app','mantenimiento'),(16,'app','historial_acciones'),(17,'app','insumo'),(18,'app','mantenimiento'),(19,'app','notificacion'),(20,'app','pago'),(21,'app','pedido'),(22,'app','producto'),(23,'app','proveedor'),(24,'app','reporte'),(25,'app','respaldo'),(26,'app','salida_producto'),(27,'app','supervision'),(28,'app','usuario'),(2,'auth','group'),(3,'auth','permission'),(29,'axes','accessattempt'),(30,'axes','accessattemptexpiration'),(31,'axes','accessfailurelog'),(32,'axes','accesslog'),(4,'contenttypes','contenttype'),(5,'sessions','session'),(33,'usuarios','perfilusuario');
/*!40000 ALTER TABLE `django_content_type` ENABLE KEYS */;
UNLOCK TABLES;

--
-- Table structure for table `django_migrations`
--

DROP TABLE IF EXISTS `django_migrations`;
/*!40101 SET @saved_cs_client     = @@character_set_client */;
/*!50503 SET character_set_client = utf8mb4 */;
CREATE TABLE `django_migrations` (
  `id` bigint NOT NULL AUTO_INCREMENT,
  `app` varchar(255) NOT NULL,
  `name` varchar(255) NOT NULL,
  `applied` datetime(6) NOT NULL,
  PRIMARY KEY (`id`)
) ENGINE=InnoDB AUTO_INCREMENT=31 DEFAULT CHARSET=utf8mb4 COLLATE=utf8mb4_0900_ai_ci;
/*!40101 SET character_set_client = @saved_cs_client */;

--
-- Dumping data for table `django_migrations`
--

LOCK TABLES `django_migrations` WRITE;
/*!40000 ALTER TABLE `django_migrations` DISABLE KEYS */;
INSERT INTO `django_migrations` VALUES (1,'contenttypes','0001_initial','2026-04-06 13:12:46.747732'),(2,'contenttypes','0002_remove_content_type_name','2026-04-06 13:12:46.985474'),(3,'auth','0001_initial','2026-04-06 13:12:47.627870'),(4,'auth','0002_alter_permission_name_max_length','2026-04-06 13:12:47.765634'),(5,'auth','0003_alter_user_email_max_length','2026-04-06 13:12:47.777552'),(6,'auth','0004_alter_user_username_opts','2026-04-06 13:12:47.798928'),(7,'auth','0005_alter_user_last_login_null','2026-04-06 13:12:47.816212'),(8,'auth','0006_require_contenttypes_0002','2026-04-06 13:12:47.822456'),(9,'auth','0007_alter_validators_add_error_messages','2026-04-06 13:12:47.839164'),(10,'auth','0008_alter_user_username_max_length','2026-04-06 13:12:47.853900'),(11,'auth','0009_alter_user_last_name_max_length','2026-04-06 13:12:47.868554'),(12,'auth','0010_alter_group_name_max_length','2026-04-06 13:12:47.910897'),(13,'auth','0011_update_proxy_permissions','2026-04-06 13:12:47.928568'),(14,'auth','0012_alter_user_first_name_max_length','2026-04-06 13:12:47.944424'),(15,'app','0001_initial','2026-04-06 13:12:53.924629'),(16,'admin','0001_initial','2026-04-06 13:12:54.276723'),(17,'admin','0002_logentry_remove_auto_add','2026-04-06 13:12:54.299073'),(18,'admin','0003_logentry_add_action_flag_choices','2026-04-06 13:12:54.322983'),(19,'axes','0001_initial','2026-04-06 13:12:54.419206'),(20,'axes','0002_auto_20151217_2044','2026-04-06 13:12:54.724207'),(21,'axes','0003_auto_20160322_0929','2026-04-06 13:12:54.763062'),(22,'axes','0004_auto_20181024_1538','2026-04-06 13:12:54.798781'),(23,'axes','0005_remove_accessattempt_trusted','2026-04-06 13:12:54.950850'),(24,'axes','0006_remove_accesslog_trusted','2026-04-06 13:12:55.063569'),(25,'axes','0007_alter_accessattempt_unique_together','2026-04-06 13:12:55.149575'),(26,'axes','0008_accessfailurelog','2026-04-06 13:12:55.294076'),(27,'axes','0009_add_session_hash','2026-04-06 13:12:55.420580'),(28,'axes','0010_accessattemptexpiration','2026-04-06 13:12:55.546543'),(29,'sessions','0001_initial','2026-04-06 13:12:55.630509'),(30,'usuarios','0001_initial','2026-04-06 13:12:56.248867');
/*!40000 ALTER TABLE `django_migrations` ENABLE KEYS */;
UNLOCK TABLES;

--
-- Table structure for table `django_session`
--

DROP TABLE IF EXISTS `django_session`;
/*!40101 SET @saved_cs_client     = @@character_set_client */;
/*!50503 SET character_set_client = utf8mb4 */;
CREATE TABLE `django_session` (
  `session_key` varchar(40) NOT NULL,
  `session_data` longtext NOT NULL,
  `expire_date` datetime(6) NOT NULL,
  PRIMARY KEY (`session_key`),
  KEY `django_session_expire_date_a5c62663` (`expire_date`)
) ENGINE=InnoDB DEFAULT CHARSET=utf8mb4 COLLATE=utf8mb4_0900_ai_ci;
/*!40101 SET character_set_client = @saved_cs_client */;

--
-- Dumping data for table `django_session`
--

LOCK TABLES `django_session` WRITE;
/*!40000 ALTER TABLE `django_session` DISABLE KEYS */;
INSERT INTO `django_session` VALUES ('hdhas56wqsz0vs888q86g14na5up1va2','.eJxVi7sKwzAMAP9Fcwm2ZKcmY6HfYSRFwqEPQt1Mpf9eChna8e64F1Tenq1u3R51mWGCCIdfJ6wXu38Dr-uwUx_ON16up739DY17gwlSjNkKapCjYjYSl5HcxBIaWoqSi2ZPZsgeQvYi4qwkSGGkWQu8Px83Mp4:1w9jnC:_iQxevsnZcFmIaxBKq1sHU_K33lBAAuXA81lKlSYHXY','2026-04-20 13:15:02.797055');
/*!40000 ALTER TABLE `django_session` ENABLE KEYS */;
UNLOCK TABLES;

--
-- Table structure for table `entrada`
--

DROP TABLE IF EXISTS `entrada`;
/*!40101 SET @saved_cs_client     = @@character_set_client */;
/*!50503 SET character_set_client = utf8mb4 */;
CREATE TABLE `entrada` (
  `id` bigint NOT NULL AUTO_INCREMENT,
  `fecha` datetime(6) NOT NULL,
  `cantidad` int NOT NULL,
  `precio_unitario` decimal(12,2) NOT NULL,
  `total` decimal(12,2) NOT NULL,
  `observaciones` longtext,
  `estado` tinyint(1) NOT NULL,
  `anulado` tinyint(1) NOT NULL,
  `usuario_id` bigint DEFAULT NULL,
  `producto_id` bigint NOT NULL,
  `proveedor_id` bigint DEFAULT NULL,
  PRIMARY KEY (`id`),
  KEY `entrada_usuario_id_180cfbb0_fk_usuarios_id` (`usuario_id`),
  KEY `entrada_producto_id_6810d15d_fk_productos_id` (`producto_id`),
  KEY `entrada_proveedor_id_07c29e94_fk_proveedor_id` (`proveedor_id`),
  CONSTRAINT `entrada_producto_id_6810d15d_fk_productos_id` FOREIGN KEY (`producto_id`) REFERENCES `productos` (`id`),
  CONSTRAINT `entrada_proveedor_id_07c29e94_fk_proveedor_id` FOREIGN KEY (`proveedor_id`) REFERENCES `proveedor` (`id`),
  CONSTRAINT `entrada_usuario_id_180cfbb0_fk_usuarios_id` FOREIGN KEY (`usuario_id`) REFERENCES `usuarios` (`id`)
) ENGINE=InnoDB DEFAULT CHARSET=utf8mb4 COLLATE=utf8mb4_0900_ai_ci;
/*!40101 SET character_set_client = @saved_cs_client */;

--
-- Dumping data for table `entrada`
--

LOCK TABLES `entrada` WRITE;
/*!40000 ALTER TABLE `entrada` DISABLE KEYS */;
/*!40000 ALTER TABLE `entrada` ENABLE KEYS */;
UNLOCK TABLES;

--
-- Table structure for table `mantenimientos`
--

DROP TABLE IF EXISTS `mantenimientos`;
/*!40101 SET @saved_cs_client     = @@character_set_client */;
/*!50503 SET character_set_client = utf8mb4 */;
CREATE TABLE `mantenimientos` (
  `id` bigint NOT NULL AUTO_INCREMENT,
  `fecha` date NOT NULL,
  `descripcion` longtext NOT NULL,
  `estado` tinyint(1) NOT NULL,
  `id_producto_id` bigint NOT NULL,
  PRIMARY KEY (`id`),
  KEY `mantenimientos_id_producto_id_3536c984_fk_productos_id` (`id_producto_id`),
  CONSTRAINT `mantenimientos_id_producto_id_3536c984_fk_productos_id` FOREIGN KEY (`id_producto_id`) REFERENCES `productos` (`id`)
) ENGINE=InnoDB DEFAULT CHARSET=utf8mb4 COLLATE=utf8mb4_0900_ai_ci;
/*!40101 SET character_set_client = @saved_cs_client */;

--
-- Dumping data for table `mantenimientos`
--

LOCK TABLES `mantenimientos` WRITE;
/*!40000 ALTER TABLE `mantenimientos` DISABLE KEYS */;
/*!40000 ALTER TABLE `mantenimientos` ENABLE KEYS */;
UNLOCK TABLES;

--
-- Table structure for table `historial_acciones`
--

DROP TABLE IF EXISTS `historial_acciones`;
/*!40101 SET @saved_cs_client     = @@character_set_client */;
/*!50503 SET character_set_client = utf8mb4 */;
CREATE TABLE `historial_acciones` (
  `id` bigint NOT NULL AUTO_INCREMENT,
  `fecha` datetime(6) NOT NULL,
  `tipo_accion` varchar(20) NOT NULL,
  `modulo` varchar(20) NOT NULL,
  `descripcion` varchar(255) NOT NULL,
  `detalles` longtext,
  `ip_address` char(39) DEFAULT NULL,
  `usuario_id` bigint NOT NULL,
  PRIMARY KEY (`id`),
  KEY `historial_acciones_usuario_id_95838b1e_fk_usuarios_id` (`usuario_id`),
  CONSTRAINT `historial_acciones_usuario_id_95838b1e_fk_usuarios_id` FOREIGN KEY (`usuario_id`) REFERENCES `usuarios` (`id`)
) ENGINE=InnoDB DEFAULT CHARSET=utf8mb4 COLLATE=utf8mb4_0900_ai_ci;
/*!40101 SET character_set_client = @saved_cs_client */;

--
-- Dumping data for table `historial_acciones`
--

LOCK TABLES `historial_acciones` WRITE;
/*!40000 ALTER TABLE `historial_acciones` DISABLE KEYS */;
/*!40000 ALTER TABLE `historial_acciones` ENABLE KEYS */;
UNLOCK TABLES;

--
-- Table structure for table `insumo`
--

DROP TABLE IF EXISTS `insumo`;
/*!40101 SET @saved_cs_client     = @@character_set_client */;
/*!50503 SET character_set_client = utf8mb4 */;
CREATE TABLE `insumo` (
  `id` bigint NOT NULL AUTO_INCREMENT,
  `nombre` varchar(100) NOT NULL,
  `descripcion` longtext,
  `cantidad` int NOT NULL,
  `unidad_medida` varchar(20) NOT NULL,
  `precio` decimal(10,2) NOT NULL,
  `estado` varchar(20) NOT NULL,
  `id_categoria_id` bigint NOT NULL,
  `id_proveedor_id` bigint NOT NULL,
  PRIMARY KEY (`id`),
  KEY `insumo_id_categoria_id_92e3186c_fk_categorias_id` (`id_categoria_id`),
  KEY `insumo_id_proveedor_id_12db000d_fk_proveedor_id` (`id_proveedor_id`),
  CONSTRAINT `insumo_id_categoria_id_92e3186c_fk_categorias_id` FOREIGN KEY (`id_categoria_id`) REFERENCES `categorias` (`id`),
  CONSTRAINT `insumo_id_proveedor_id_12db000d_fk_proveedor_id` FOREIGN KEY (`id_proveedor_id`) REFERENCES `proveedor` (`id`)
) ENGINE=InnoDB DEFAULT CHARSET=utf8mb4 COLLATE=utf8mb4_0900_ai_ci;
/*!40101 SET character_set_client = @saved_cs_client */;

--
-- Dumping data for table `insumo`
--

LOCK TABLES `insumo` WRITE;
/*!40000 ALTER TABLE `insumo` DISABLE KEYS */;
/*!40000 ALTER TABLE `insumo` ENABLE KEYS */;
UNLOCK TABLES;

--
-- Table structure for table `mantenimiento`
--

DROP TABLE IF EXISTS `mantenimiento`;
/*!40101 SET @saved_cs_client     = @@character_set_client */;
/*!50503 SET character_set_client = utf8mb4 */;
CREATE TABLE `mantenimiento` (
  `id` bigint NOT NULL AUTO_INCREMENT,
  `fecha` date NOT NULL,
  `descripcion` longtext NOT NULL,
  `id_mantenimiento_id` bigint NOT NULL,
  PRIMARY KEY (`id`),
  KEY `mantenimiento_id_mantenimiento_id_8934d03e_fk_mantenimientos_id` (`id_mantenimiento_id`),
  CONSTRAINT `mantenimiento_id_mantenimiento_id_8934d03e_fk_mantenimientos_id` FOREIGN KEY (`id_mantenimiento_id`) REFERENCES `mantenimientos` (`id`)
) ENGINE=InnoDB DEFAULT CHARSET=utf8mb4 COLLATE=utf8mb4_0900_ai_ci;
/*!40101 SET character_set_client = @saved_cs_client */;

--
-- Dumping data for table `mantenimiento`
--

LOCK TABLES `mantenimiento` WRITE;
/*!40000 ALTER TABLE `mantenimiento` DISABLE KEYS */;
/*!40000 ALTER TABLE `mantenimiento` ENABLE KEYS */;
UNLOCK TABLES;

--
-- Table structure for table `notificaciones`
--

DROP TABLE IF EXISTS `notificaciones`;
/*!40101 SET @saved_cs_client     = @@character_set_client */;
/*!50503 SET character_set_client = utf8mb4 */;
CREATE TABLE `notificaciones` (
  `id` bigint NOT NULL AUTO_INCREMENT,
  `tipo` varchar(20) NOT NULL,
  `titulo` varchar(100) NOT NULL,
  `mensaje` varchar(200) NOT NULL,
  `fecha_notificacion` datetime(6) NOT NULL,
  `leida` tinyint(1) NOT NULL,
  `relacionada_id` int unsigned DEFAULT NULL,
  `relacionada_tipo` varchar(20) DEFAULT NULL,
  PRIMARY KEY (`id`),
  CONSTRAINT `notificaciones_chk_1` CHECK ((`relacionada_id` >= 0))
) ENGINE=InnoDB DEFAULT CHARSET=utf8mb4 COLLATE=utf8mb4_0900_ai_ci;
/*!40101 SET character_set_client = @saved_cs_client */;

--
-- Dumping data for table `notificaciones`
--

LOCK TABLES `notificaciones` WRITE;
/*!40000 ALTER TABLE `notificaciones` DISABLE KEYS */;
/*!40000 ALTER TABLE `notificaciones` ENABLE KEYS */;
UNLOCK TABLES;

--
-- Table structure for table `pagos`
--

DROP TABLE IF EXISTS `pagos`;
/*!40101 SET @saved_cs_client     = @@character_set_client */;
/*!50503 SET character_set_client = utf8mb4 */;
CREATE TABLE `pagos` (
  `id` bigint NOT NULL AUTO_INCREMENT,
  `fecha_pago` date NOT NULL,
  `monto` decimal(10,2) NOT NULL,
  `estado` tinyint(1) NOT NULL,
  `pedido_id` bigint NOT NULL,
  PRIMARY KEY (`id`),
  KEY `pagos_pedido_id_3433cb91_fk_pedido_id` (`pedido_id`),
  CONSTRAINT `pagos_pedido_id_3433cb91_fk_pedido_id` FOREIGN KEY (`pedido_id`) REFERENCES `pedido` (`id`)
) ENGINE=InnoDB DEFAULT CHARSET=utf8mb4 COLLATE=utf8mb4_0900_ai_ci;
/*!40101 SET character_set_client = @saved_cs_client */;

--
-- Dumping data for table `pagos`
--

LOCK TABLES `pagos` WRITE;
/*!40000 ALTER TABLE `pagos` DISABLE KEYS */;
/*!40000 ALTER TABLE `pagos` ENABLE KEYS */;
UNLOCK TABLES;

--
-- Table structure for table `pedido`
--

DROP TABLE IF EXISTS `pedido`;
/*!40101 SET @saved_cs_client     = @@character_set_client */;
/*!50503 SET character_set_client = utf8mb4 */;
CREATE TABLE `pedido` (
  `id` bigint NOT NULL AUTO_INCREMENT,
  `fecha` datetime(6) NOT NULL,
  `estado` varchar(20) NOT NULL,
  `total` decimal(12,2) NOT NULL,
  `cliente_id` bigint NOT NULL,
  PRIMARY KEY (`id`),
  KEY `pedido_cliente_id_e6353bb4_fk_clientes_id` (`cliente_id`),
  CONSTRAINT `pedido_cliente_id_e6353bb4_fk_clientes_id` FOREIGN KEY (`cliente_id`) REFERENCES `clientes` (`id`)
) ENGINE=InnoDB DEFAULT CHARSET=utf8mb4 COLLATE=utf8mb4_0900_ai_ci;
/*!40101 SET character_set_client = @saved_cs_client */;

--
-- Dumping data for table `pedido`
--

LOCK TABLES `pedido` WRITE;
/*!40000 ALTER TABLE `pedido` DISABLE KEYS */;
/*!40000 ALTER TABLE `pedido` ENABLE KEYS */;
UNLOCK TABLES;

--
-- Table structure for table `perfil_usuario`
--

DROP TABLE IF EXISTS `perfil_usuario`;
/*!40101 SET @saved_cs_client     = @@character_set_client */;
/*!50503 SET character_set_client = utf8mb4 */;
CREATE TABLE `perfil_usuario` (
  `id` bigint NOT NULL AUTO_INCREMENT,
  `rol` varchar(20) NOT NULL,
  `cedula` varchar(20) NOT NULL,
  `telefono` varchar(15) DEFAULT NULL,
  `user_id` bigint NOT NULL,
  PRIMARY KEY (`id`),
  UNIQUE KEY `cedula` (`cedula`),
  UNIQUE KEY `user_id` (`user_id`),
  CONSTRAINT `perfil_usuario_user_id_a77a2a33_fk_usuarios_id` FOREIGN KEY (`user_id`) REFERENCES `usuarios` (`id`)
) ENGINE=InnoDB DEFAULT CHARSET=utf8mb4 COLLATE=utf8mb4_0900_ai_ci;
/*!40101 SET character_set_client = @saved_cs_client */;

--
-- Dumping data for table `perfil_usuario`
--

LOCK TABLES `perfil_usuario` WRITE;
/*!40000 ALTER TABLE `perfil_usuario` DISABLE KEYS */;
/*!40000 ALTER TABLE `perfil_usuario` ENABLE KEYS */;
UNLOCK TABLES;

--
-- Table structure for table `producto_insumo`
--

DROP TABLE IF EXISTS `producto_insumo`;
/*!40101 SET @saved_cs_client     = @@character_set_client */;
/*!50503 SET character_set_client = utf8mb4 */;
CREATE TABLE `producto_insumo` (
  `id` bigint NOT NULL AUTO_INCREMENT,
  `cantidad` int NOT NULL,
  `unidad_medida` varchar(50) NOT NULL,
  `insumo_id` bigint NOT NULL,
  `producto_id` bigint NOT NULL,
  PRIMARY KEY (`id`),
  UNIQUE KEY `producto_insumo_producto_id_insumo_id_2309496f_uniq` (`producto_id`,`insumo_id`),
  KEY `producto_insumo_insumo_id_a8fb8418_fk_insumo_id` (`insumo_id`),
  CONSTRAINT `producto_insumo_insumo_id_a8fb8418_fk_insumo_id` FOREIGN KEY (`insumo_id`) REFERENCES `insumo` (`id`),
  CONSTRAINT `producto_insumo_producto_id_1d231c9d_fk_productos_id` FOREIGN KEY (`producto_id`) REFERENCES `productos` (`id`)
) ENGINE=InnoDB DEFAULT CHARSET=utf8mb4 COLLATE=utf8mb4_0900_ai_ci;
/*!40101 SET character_set_client = @saved_cs_client */;

--
-- Dumping data for table `producto_insumo`
--

LOCK TABLES `producto_insumo` WRITE;
/*!40000 ALTER TABLE `producto_insumo` DISABLE KEYS */;
/*!40000 ALTER TABLE `producto_insumo` ENABLE KEYS */;
UNLOCK TABLES;

--
-- Table structure for table `productos`
--

DROP TABLE IF EXISTS `productos`;
/*!40101 SET @saved_cs_client     = @@character_set_client */;
/*!50503 SET character_set_client = utf8mb4 */;
CREATE TABLE `productos` (
  `id` bigint NOT NULL AUTO_INCREMENT,
  `nombre` varchar(100) NOT NULL,
  `descripcion` longtext NOT NULL,
  `precio` decimal(10,2) NOT NULL,
  `stock` int NOT NULL,
  `imagen` varchar(100) DEFAULT NULL,
  `estado` tinyint(1) NOT NULL,
  `categoria_id` bigint NOT NULL,
  PRIMARY KEY (`id`),
  KEY `productos_categoria_id_92c5ef6b_fk_categorias_id` (`categoria_id`),
  CONSTRAINT `productos_categoria_id_92c5ef6b_fk_categorias_id` FOREIGN KEY (`categoria_id`) REFERENCES `categorias` (`id`)
) ENGINE=InnoDB DEFAULT CHARSET=utf8mb4 COLLATE=utf8mb4_0900_ai_ci;
/*!40101 SET character_set_client = @saved_cs_client */;

--
-- Dumping data for table `productos`
--

LOCK TABLES `productos` WRITE;
/*!40000 ALTER TABLE `productos` DISABLE KEYS */;
/*!40000 ALTER TABLE `productos` ENABLE KEYS */;
UNLOCK TABLES;

--
-- Table structure for table `proveedor`
--

DROP TABLE IF EXISTS `proveedor`;
/*!40101 SET @saved_cs_client     = @@character_set_client */;
/*!50503 SET character_set_client = utf8mb4 */;
CREATE TABLE `proveedor` (
  `id` bigint NOT NULL AUTO_INCREMENT,
  `nombre` varchar(100) NOT NULL,
  `telefono` varchar(15) NOT NULL,
  `direccion` varchar(200) NOT NULL,
  `imagen` varchar(100) DEFAULT NULL,
  `estado` tinyint(1) NOT NULL,
  PRIMARY KEY (`id`)
) ENGINE=InnoDB DEFAULT CHARSET=utf8mb4 COLLATE=utf8mb4_0900_ai_ci;
/*!40101 SET character_set_client = @saved_cs_client */;

--
-- Dumping data for table `proveedor`
--

LOCK TABLES `proveedor` WRITE;
/*!40000 ALTER TABLE `proveedor` DISABLE KEYS */;
/*!40000 ALTER TABLE `proveedor` ENABLE KEYS */;
UNLOCK TABLES;

--
-- Table structure for table `proveedor_insumo`
--

DROP TABLE IF EXISTS `proveedor_insumo`;
/*!40101 SET @saved_cs_client     = @@character_set_client */;
/*!50503 SET character_set_client = utf8mb4 */;
CREATE TABLE `proveedor_insumo` (
  `id` bigint NOT NULL AUTO_INCREMENT,
  `fecha_suministro` date NOT NULL,
  `cantidad` int NOT NULL,
  `precio_unidad` decimal(12,2) NOT NULL,
  `insumo_id` bigint NOT NULL,
  `proveedor_id` bigint NOT NULL,
  PRIMARY KEY (`id`),
  UNIQUE KEY `proveedor_insumo_proveedor_id_insumo_id_8d8d81b9_uniq` (`proveedor_id`,`insumo_id`),
  KEY `proveedor_insumo_insumo_id_0a027f32_fk_insumo_id` (`insumo_id`),
  CONSTRAINT `proveedor_insumo_insumo_id_0a027f32_fk_insumo_id` FOREIGN KEY (`insumo_id`) REFERENCES `insumo` (`id`),
  CONSTRAINT `proveedor_insumo_proveedor_id_b69b69f2_fk_proveedor_id` FOREIGN KEY (`proveedor_id`) REFERENCES `proveedor` (`id`)
) ENGINE=InnoDB DEFAULT CHARSET=utf8mb4 COLLATE=utf8mb4_0900_ai_ci;
/*!40101 SET character_set_client = @saved_cs_client */;

--
-- Dumping data for table `proveedor_insumo`
--

LOCK TABLES `proveedor_insumo` WRITE;
/*!40000 ALTER TABLE `proveedor_insumo` DISABLE KEYS */;
/*!40000 ALTER TABLE `proveedor_insumo` ENABLE KEYS */;
UNLOCK TABLES;

--
-- Table structure for table `reporte`
--

DROP TABLE IF EXISTS `reporte`;
/*!40101 SET @saved_cs_client     = @@character_set_client */;
/*!50503 SET character_set_client = utf8mb4 */;
CREATE TABLE `reporte` (
  `id` bigint NOT NULL AUTO_INCREMENT,
  `tipo` varchar(100) NOT NULL,
  `fecha` date NOT NULL,
  `usuario_id` bigint NOT NULL,
  PRIMARY KEY (`id`),
  KEY `reporte_usuario_id_7d124763_fk_usuarios_id` (`usuario_id`),
  CONSTRAINT `reporte_usuario_id_7d124763_fk_usuarios_id` FOREIGN KEY (`usuario_id`) REFERENCES `usuarios` (`id`)
) ENGINE=InnoDB DEFAULT CHARSET=utf8mb4 COLLATE=utf8mb4_0900_ai_ci;
/*!40101 SET character_set_client = @saved_cs_client */;

--
-- Dumping data for table `reporte`
--

LOCK TABLES `reporte` WRITE;
/*!40000 ALTER TABLE `reporte` DISABLE KEYS */;
/*!40000 ALTER TABLE `reporte` ENABLE KEYS */;
UNLOCK TABLES;

--
-- Table structure for table `respaldos`
--

DROP TABLE IF EXISTS `respaldos`;
/*!40101 SET @saved_cs_client     = @@character_set_client */;
/*!50503 SET character_set_client = utf8mb4 */;
CREATE TABLE `respaldos` (
  `id` bigint NOT NULL AUTO_INCREMENT,
  `fecha` datetime(6) NOT NULL,
  `usuario` varchar(100) NOT NULL,
  `tipo_respaldo` varchar(20) NOT NULL,
  `descripcion` longtext,
  `archivo` varchar(100) NOT NULL,
  `estado` tinyint(1) NOT NULL,
  PRIMARY KEY (`id`)
) ENGINE=InnoDB AUTO_INCREMENT=2 DEFAULT CHARSET=utf8mb4 COLLATE=utf8mb4_0900_ai_ci;
/*!40101 SET character_set_client = @saved_cs_client */;

--
-- Dumping data for table `respaldos`
--

LOCK TABLES `respaldos` WRITE;
/*!40000 ALTER TABLE `respaldos` DISABLE KEYS */;
INSERT INTO `respaldos` VALUES (1,'2026-04-06 15:11:34.551820','luis','completo','Backup MySQL generado','respaldos_sql\\backup_20260406_101134.sql',1);
/*!40000 ALTER TABLE `respaldos` ENABLE KEYS */;
UNLOCK TABLES;

--
-- Table structure for table `salida_producto`
--

DROP TABLE IF EXISTS `salida_producto`;
/*!40101 SET @saved_cs_client     = @@character_set_client */;
/*!50503 SET character_set_client = utf8mb4 */;
CREATE TABLE `salida_producto` (
  `id` bigint NOT NULL AUTO_INCREMENT,
  `cantidad` int NOT NULL,
  `fecha` date NOT NULL,
  `motivo` longtext NOT NULL,
  `responsable` varchar(100) NOT NULL,
  `estado` tinyint(1) NOT NULL,
  `id_producto_id` bigint NOT NULL,
  PRIMARY KEY (`id`),
  KEY `salida_producto_id_producto_id_19c8767a_fk_productos_id` (`id_producto_id`),
  CONSTRAINT `salida_producto_id_producto_id_19c8767a_fk_productos_id` FOREIGN KEY (`id_producto_id`) REFERENCES `productos` (`id`)
) ENGINE=InnoDB DEFAULT CHARSET=utf8mb4 COLLATE=utf8mb4_0900_ai_ci;
/*!40101 SET character_set_client = @saved_cs_client */;

--
-- Dumping data for table `salida_producto`
--

LOCK TABLES `salida_producto` WRITE;
/*!40000 ALTER TABLE `salida_producto` DISABLE KEYS */;
/*!40000 ALTER TABLE `salida_producto` ENABLE KEYS */;
UNLOCK TABLES;

--
-- Table structure for table `supervision`
--

DROP TABLE IF EXISTS `supervision`;
/*!40101 SET @saved_cs_client     = @@character_set_client */;
/*!50503 SET character_set_client = utf8mb4 */;
CREATE TABLE `supervision` (
  `id` bigint NOT NULL AUTO_INCREMENT,
  `fecha` date NOT NULL,
  `descripcion` longtext NOT NULL,
  `usuario_id` bigint NOT NULL,
  PRIMARY KEY (`id`),
  KEY `supervision_usuario_id_947bfdcd_fk_usuarios_id` (`usuario_id`),
  CONSTRAINT `supervision_usuario_id_947bfdcd_fk_usuarios_id` FOREIGN KEY (`usuario_id`) REFERENCES `usuarios` (`id`)
) ENGINE=InnoDB DEFAULT CHARSET=utf8mb4 COLLATE=utf8mb4_0900_ai_ci;
/*!40101 SET character_set_client = @saved_cs_client */;

--
-- Dumping data for table `supervision`
--

LOCK TABLES `supervision` WRITE;
/*!40000 ALTER TABLE `supervision` DISABLE KEYS */;
/*!40000 ALTER TABLE `supervision` ENABLE KEYS */;
UNLOCK TABLES;

--
-- Table structure for table `usuarios`
--

DROP TABLE IF EXISTS `usuarios`;
/*!40101 SET @saved_cs_client     = @@character_set_client */;
/*!50503 SET character_set_client = utf8mb4 */;
CREATE TABLE `usuarios` (
  `id` bigint NOT NULL AUTO_INCREMENT,
  `password` varchar(128) NOT NULL,
  `last_login` datetime(6) DEFAULT NULL,
  `is_superuser` tinyint(1) NOT NULL,
  `username` varchar(150) NOT NULL,
  `first_name` varchar(150) NOT NULL,
  `last_name` varchar(150) NOT NULL,
  `is_staff` tinyint(1) NOT NULL,
  `is_active` tinyint(1) NOT NULL,
  `date_joined` datetime(6) NOT NULL,
  `cedula` varchar(20) NOT NULL,
  `rol` varchar(20) NOT NULL,
  `estado` varchar(20) NOT NULL,
  `foto_perfil` varchar(100) DEFAULT NULL,
  `telefono` varchar(15) DEFAULT NULL,
  `email` varchar(100) NOT NULL,
  PRIMARY KEY (`id`),
  UNIQUE KEY `username` (`username`),
  UNIQUE KEY `cedula` (`cedula`),
  UNIQUE KEY `email` (`email`)
) ENGINE=InnoDB AUTO_INCREMENT=2 DEFAULT CHARSET=utf8mb4 COLLATE=utf8mb4_0900_ai_ci;
/*!40101 SET character_set_client = @saved_cs_client */;

--
-- Dumping data for table `usuarios`
--

LOCK TABLES `usuarios` WRITE;
/*!40000 ALTER TABLE `usuarios` DISABLE KEYS */;
INSERT INTO `usuarios` VALUES (1,'pbkdf2_sha256$1200000$Xzrp5FeZGm6jZoDddNwzw1$FwTDghClJfUnr9OKLfbJ7psXGsucSSVkhAfWl2lUkbc=','2026-04-06 13:15:02.788243',1,'luis','','',1,1,'2026-04-06 13:13:57.086334','43323','administrador','Activo','',NULL,'luis@gmail.com');
/*!40000 ALTER TABLE `usuarios` ENABLE KEYS */;
UNLOCK TABLES;

--
-- Table structure for table `usuarios_groups`
--

DROP TABLE IF EXISTS `usuarios_groups`;
/*!40101 SET @saved_cs_client     = @@character_set_client */;
/*!50503 SET character_set_client = utf8mb4 */;
CREATE TABLE `usuarios_groups` (
  `id` bigint NOT NULL AUTO_INCREMENT,
  `usuario_id` bigint NOT NULL,
  `group_id` int NOT NULL,
  PRIMARY KEY (`id`),
  UNIQUE KEY `usuarios_groups_usuario_id_group_id_a66c5ef3_uniq` (`usuario_id`,`group_id`),
  KEY `usuarios_groups_group_id_18c61092_fk_auth_group_id` (`group_id`),
  CONSTRAINT `usuarios_groups_group_id_18c61092_fk_auth_group_id` FOREIGN KEY (`group_id`) REFERENCES `auth_group` (`id`),
  CONSTRAINT `usuarios_groups_usuario_id_1132ca50_fk_usuarios_id` FOREIGN KEY (`usuario_id`) REFERENCES `usuarios` (`id`)
) ENGINE=InnoDB DEFAULT CHARSET=utf8mb4 COLLATE=utf8mb4_0900_ai_ci;
/*!40101 SET character_set_client = @saved_cs_client */;

--
-- Dumping data for table `usuarios_groups`
--

LOCK TABLES `usuarios_groups` WRITE;
/*!40000 ALTER TABLE `usuarios_groups` DISABLE KEYS */;
/*!40000 ALTER TABLE `usuarios_groups` ENABLE KEYS */;
UNLOCK TABLES;

--
-- Table structure for table `usuarios_user_permissions`
--

DROP TABLE IF EXISTS `usuarios_user_permissions`;
/*!40101 SET @saved_cs_client     = @@character_set_client */;
/*!50503 SET character_set_client = utf8mb4 */;
CREATE TABLE `usuarios_user_permissions` (
  `id` bigint NOT NULL AUTO_INCREMENT,
  `usuario_id` bigint NOT NULL,
  `permission_id` int NOT NULL,
  PRIMARY KEY (`id`),
  UNIQUE KEY `usuarios_user_permissions_usuario_id_permission_id_474b33a5_uniq` (`usuario_id`,`permission_id`),
  KEY `usuarios_user_permis_permission_id_af615ca1_fk_auth_perm` (`permission_id`),
  CONSTRAINT `usuarios_user_permis_permission_id_af615ca1_fk_auth_perm` FOREIGN KEY (`permission_id`) REFERENCES `auth_permission` (`id`),
  CONSTRAINT `usuarios_user_permissions_usuario_id_232fd58d_fk_usuarios_id` FOREIGN KEY (`usuario_id`) REFERENCES `usuarios` (`id`)
) ENGINE=InnoDB DEFAULT CHARSET=utf8mb4 COLLATE=utf8mb4_0900_ai_ci;
/*!40101 SET character_set_client = @saved_cs_client */;

--
-- Dumping data for table `usuarios_user_permissions`
--

LOCK TABLES `usuarios_user_permissions` WRITE;
/*!40000 ALTER TABLE `usuarios_user_permissions` DISABLE KEYS */;
/*!40000 ALTER TABLE `usuarios_user_permissions` ENABLE KEYS */;
UNLOCK TABLES;
/*!40103 SET TIME_ZONE=@OLD_TIME_ZONE */;

/*!40101 SET SQL_MODE=@OLD_SQL_MODE */;
/*!40014 SET FOREIGN_KEY_CHECKS=@OLD_FOREIGN_KEY_CHECKS */;
/*!40014 SET UNIQUE_CHECKS=@OLD_UNIQUE_CHECKS */;
/*!40101 SET CHARACTER_SET_CLIENT=@OLD_CHARACTER_SET_CLIENT */;
/*!40101 SET CHARACTER_SET_RESULTS=@OLD_CHARACTER_SET_RESULTS */;
/*!40101 SET COLLATION_CONNECTION=@OLD_COLLATION_CONNECTION */;
/*!40111 SET SQL_NOTES=@OLD_SQL_NOTES */;

-- Dump completed on 2026-04-06 10:11:40
