-- MySQL dump 10.13  Distrib 8.0.43, for Win64 (x86_64)
--
-- Host: localhost    Database: bedcom
-- ------------------------------------------------------
-- Server version	8.0.43

/*!40101 SET @OLD_CHARACTER_SET_CLIENT=@@CHARACTER_SET_CLIENT */;
/*!40101 SET @OLD_CHARACTER_SET_RESULTS=@@CHARACTER_SET_RESULTS */;
/*!40101 SET @OLD_COLLATION_CONNECTION=@@COLLATION_CONNECTION */;
/*!50503 SET NAMES utf8mb4 */;
/*!40103 SET @OLD_TIME_ZONE=@@TIME_ZONE */;
/*!40103 SET TIME_ZONE='+00:00' */;
/*!40014 SET @OLD_UNIQUE_CHECKS=@@UNIQUE_CHECKS, UNIQUE_CHECKS=0 */;
/*!40014 SET @OLD_FOREIGN_KEY_CHECKS=@@FOREIGN_KEY_CHECKS, FOREIGN_KEY_CHECKS=0 */;
/*!40101 SET @OLD_SQL_MODE=@@SQL_MODE, SQL_MODE='NO_AUTO_VALUE_ON_ZERO' */;
/*!40111 SET @OLD_SQL_NOTES=@@SQL_NOTES, SQL_NOTES=0 */;

--
-- Table structure for table `auth_group`
--

DROP TABLE IF EXISTS `auth_group`;
/*!40101 SET @saved_cs_client     = @@character_set_client */;
/*!50503 SET character_set_client = utf8mb4 */;
CREATE TABLE `auth_group` (
  `id` int NOT NULL AUTO_INCREMENT,
  `name` varchar(150) NOT NULL,
  PRIMARY KEY (`id`),
  UNIQUE KEY `name` (`name`)
) ENGINE=InnoDB DEFAULT CHARSET=utf8mb4 COLLATE=utf8mb4_0900_ai_ci;
/*!40101 SET character_set_client = @saved_cs_client */;

--
-- Dumping data for table `auth_group`
--

LOCK TABLES `auth_group` WRITE;
/*!40000 ALTER TABLE `auth_group` DISABLE KEYS */;
/*!40000 ALTER TABLE `auth_group` ENABLE KEYS */;
UNLOCK TABLES;

--
-- Table structure for table `auth_group_permissions`
--

DROP TABLE IF EXISTS `auth_group_permissions`;
/*!40101 SET @saved_cs_client     = @@character_set_client */;
/*!50503 SET character_set_client = utf8mb4 */;
CREATE TABLE `auth_group_permissions` (
  `id` bigint NOT NULL AUTO_INCREMENT,
  `group_id` int NOT NULL,
  `permission_id` int NOT NULL,
  PRIMARY KEY (`id`),
  UNIQUE KEY `auth_group_permissions_group_id_permission_id_0cd325b0_uniq` (`group_id`,`permission_id`),
  KEY `auth_group_permissio_permission_id_84c5c92e_fk_auth_perm` (`permission_id`),
  CONSTRAINT `auth_group_permissio_permission_id_84c5c92e_fk_auth_perm` FOREIGN KEY (`permission_id`) REFERENCES `auth_permission` (`id`),
  CONSTRAINT `auth_group_permissions_group_id_b120cbf9_fk_auth_group_id` FOREIGN KEY (`group_id`) REFERENCES `auth_group` (`id`)
) ENGINE=InnoDB DEFAULT CHARSET=utf8mb4 COLLATE=utf8mb4_0900_ai_ci;
/*!40101 SET character_set_client = @saved_cs_client */;

--
-- Dumping data for table `auth_group_permissions`
--

LOCK TABLES `auth_group_permissions` WRITE;
/*!40000 ALTER TABLE `auth_group_permissions` DISABLE KEYS */;
/*!40000 ALTER TABLE `auth_group_permissions` ENABLE KEYS */;
UNLOCK TABLES;

--
-- Table structure for table `auth_permission`
--

DROP TABLE IF EXISTS `auth_permission`;
/*!40101 SET @saved_cs_client     = @@character_set_client */;
/*!50503 SET character_set_client = utf8mb4 */;
CREATE TABLE `auth_permission` (
  `id` int NOT NULL AUTO_INCREMENT,
  `name` varchar(255) NOT NULL,
  `content_type_id` int NOT NULL,
  `codename` varchar(100) NOT NULL,
  PRIMARY KEY (`id`),
  UNIQUE KEY `auth_permission_content_type_id_codename_01ab375a_uniq` (`content_type_id`,`codename`),
  CONSTRAINT `auth_permission_content_type_id_2f476e4b_fk_django_co` FOREIGN KEY (`content_type_id`) REFERENCES `django_content_type` (`id`)
) ENGINE=InnoDB AUTO_INCREMENT=141 DEFAULT CHARSET=utf8mb4 COLLATE=utf8mb4_0900_ai_ci;
/*!40101 SET character_set_client = @saved_cs_client */;

--
-- Dumping data for table `auth_permission`
--

LOCK TABLES `auth_permission` WRITE;
/*!40000 ALTER TABLE `auth_permission` DISABLE KEYS */;
INSERT INTO `auth_permission` VALUES (1,'Can add log entry',1,'add_logentry'),(2,'Can change log entry',1,'change_logentry'),(3,'Can delete log entry',1,'delete_logentry'),(4,'Can view log entry',1,'view_logentry'),(5,'Can add permission',3,'add_permission'),(6,'Can change permission',3,'change_permission'),(7,'Can delete permission',3,'delete_permission'),(8,'Can view permission',3,'view_permission'),(9,'Can add group',2,'add_group'),(10,'Can change group',2,'change_group'),(11,'Can delete group',2,'delete_group'),(12,'Can view group',2,'view_group'),(13,'Can add content type',4,'add_contenttype'),(14,'Can change content type',4,'change_contenttype'),(15,'Can delete content type',4,'delete_contenttype'),(16,'Can view content type',4,'view_contenttype'),(17,'Can add session',5,'add_session'),(18,'Can change session',5,'change_session'),(19,'Can delete session',5,'delete_session'),(20,'Can view session',5,'view_session'),(21,'Can add Evento',7,'add_calendario'),(22,'Can change Evento',7,'change_calendario'),(23,'Can delete Evento',7,'delete_calendario'),(24,'Can view Evento',7,'view_calendario'),(25,'Can add Categoría',8,'add_categoria'),(26,'Can change Categoría',8,'change_categoria'),(27,'Can delete Categoría',8,'delete_categoria'),(28,'Can view Categoría',8,'view_categoria'),(29,'Can add Cliente',9,'add_cliente'),(30,'Can change Cliente',9,'change_cliente'),(31,'Can delete Cliente',9,'delete_cliente'),(32,'Can view Cliente',9,'view_cliente'),(33,'Can add Garantía',14,'add_garantia'),(34,'Can change Garantía',14,'change_garantia'),(35,'Can delete Garantía',14,'delete_garantia'),(36,'Can view Garantía',14,'view_garantia'),(37,'Can add Proveedor',22,'add_proveedor'),(38,'Can change Proveedor',22,'change_proveedor'),(39,'Can delete Proveedor',22,'delete_proveedor'),(40,'Can view Proveedor',22,'view_proveedor'),(41,'Can add Respaldo',24,'add_respaldo'),(42,'Can change Respaldo',24,'change_respaldo'),(43,'Can delete Respaldo',24,'delete_respaldo'),(44,'Can view Respaldo',24,'view_respaldo'),(45,'Can add usuario',27,'add_usuario'),(46,'Can change usuario',27,'change_usuario'),(47,'Can delete usuario',27,'delete_usuario'),(48,'Can view usuario',27,'view_usuario'),(49,'Can add Historial de Acción',15,'add_historial_acciones'),(50,'Can change Historial de Acción',15,'change_historial_acciones'),(51,'Can delete Historial de Acción',15,'delete_historial_acciones'),(52,'Can view Historial de Acción',15,'view_historial_acciones'),(53,'Can add Insumo',16,'add_insumo'),(54,'Can change Insumo',16,'change_insumo'),(55,'Can delete Insumo',16,'delete_insumo'),(56,'Can view Insumo',16,'view_insumo'),(57,'Can add garantia',17,'add_garantia'),(58,'Can change garantia',17,'change_garantia'),(59,'Can delete garantia',17,'delete_garantia'),(60,'Can view garantia',17,'view_garantia'),(61,'Can add Pedido',20,'add_pedido'),(62,'Can change Pedido',20,'change_pedido'),(63,'Can delete Pedido',20,'delete_pedido'),(64,'Can view Pedido',20,'view_pedido'),(65,'Can add pago',19,'add_pago'),(66,'Can change pago',19,'change_pago'),(67,'Can delete pago',19,'delete_pago'),(68,'Can view pago',19,'view_pago'),(69,'Can add Producto',21,'add_producto'),(70,'Can change Producto',21,'change_producto'),(71,'Can delete Producto',21,'delete_producto'),(72,'Can view Producto',21,'view_producto'),(73,'Can add detalle_pedido',12,'add_detalle_pedido'),(74,'Can change detalle_pedido',12,'change_detalle_pedido'),(75,'Can delete detalle_pedido',12,'delete_detalle_pedido'),(76,'Can view detalle_pedido',12,'view_detalle_pedido'),(77,'Can add Entrada de Producto',13,'add_entrada'),(78,'Can change Entrada de Producto',13,'change_entrada'),(79,'Can delete Entrada de Producto',13,'delete_entrada'),(80,'Can view Entrada de Producto',13,'view_entrada'),(81,'Can add Reporte',23,'add_reporte'),(82,'Can change Reporte',23,'change_reporte'),(83,'Can delete Reporte',23,'delete_reporte'),(84,'Can view Reporte',23,'view_reporte'),(85,'Can add Salida de Producto',25,'add_salida_producto'),(86,'Can change Salida de Producto',25,'change_salida_producto'),(87,'Can delete Salida de Producto',25,'delete_salida_producto'),(88,'Can view Salida de Producto',25,'view_salida_producto'),(89,'Can add Supervisión',26,'add_supervision'),(90,'Can change Supervisión',26,'change_supervision'),(91,'Can delete Supervisión',26,'delete_supervision'),(92,'Can view Supervisión',26,'view_supervision'),(93,'Can add Despacho',11,'add_despacho'),(94,'Can change Despacho',11,'change_despacho'),(95,'Can delete Despacho',11,'delete_despacho'),(96,'Can view Despacho',11,'view_despacho'),(97,'Can add Notificación',18,'add_notificacion'),(98,'Can change Notificación',18,'change_notificacion'),(99,'Can delete Notificación',18,'delete_notificacion'),(100,'Can view Notificación',18,'view_notificacion'),(101,'Can add bom (Estructura de Producto)',6,'add_bom'),(102,'Can change bom (Estructura de Producto)',6,'change_bom'),(103,'Can delete bom (Estructura de Producto)',6,'delete_bom'),(104,'Can view bom (Estructura de Producto)',6,'view_bom'),(105,'Can add compra',10,'add_compra'),(106,'Can change compra',10,'change_compra'),(107,'Can delete compra',10,'delete_compra'),(108,'Can view compra',10,'view_compra'),(109,'Can add access attempt',28,'add_accessattempt'),(110,'Can change access attempt',28,'change_accessattempt'),(111,'Can delete access attempt',28,'delete_accessattempt'),(112,'Can view access attempt',28,'view_accessattempt'),(113,'Can add access log',31,'add_accesslog'),(114,'Can change access log',31,'change_accesslog'),(115,'Can delete access log',31,'delete_accesslog'),(116,'Can view access log',31,'view_accesslog'),(117,'Can add access failure',30,'add_accessfailurelog'),(118,'Can change access failure',30,'change_accessfailurelog'),(119,'Can delete access failure',30,'delete_accessfailurelog'),(120,'Can view access failure',30,'view_accessfailurelog'),(121,'Can add access attempt expiration',29,'add_accessattemptexpiration'),(122,'Can change access attempt expiration',29,'change_accessattemptexpiration'),(123,'Can delete access attempt expiration',29,'delete_accessattemptexpiration'),(124,'Can view access attempt expiration',29,'view_accessattemptexpiration'),(125,'Can add historial chat',32,'add_historialchat'),(126,'Can change historial chat',32,'change_historialchat'),(127,'Can delete historial chat',32,'delete_historialchat'),(128,'Can view historial chat',32,'view_historialchat'),(129,'Can add group',33,'add_group'),(130,'Can change group',33,'change_group'),(131,'Can delete group',33,'delete_group'),(132,'Can view group',33,'view_group'),(133,'Can add push information',34,'add_pushinformation'),(134,'Can change push information',34,'change_pushinformation'),(135,'Can delete push information',34,'delete_pushinformation'),(136,'Can view push information',34,'view_pushinformation'),(137,'Can add subscription info',35,'add_subscriptioninfo'),(138,'Can change subscription info',35,'change_subscriptioninfo'),(139,'Can delete subscription info',35,'delete_subscriptioninfo'),(140,'Can view subscription info',35,'view_subscriptioninfo');
/*!40000 ALTER TABLE `auth_permission` ENABLE KEYS */;
UNLOCK TABLES;

--
-- Table structure for table `axes_accessattempt`
--

DROP TABLE IF EXISTS `axes_accessattempt`;
/*!40101 SET @saved_cs_client     = @@character_set_client */;
/*!50503 SET character_set_client = utf8mb4 */;
CREATE TABLE `axes_accessattempt` (
  `id` int NOT NULL AUTO_INCREMENT,
  `user_agent` varchar(255) NOT NULL,
  `ip_address` char(39) DEFAULT NULL,
  `username` varchar(255) DEFAULT NULL,
  `http_accept` varchar(1025) NOT NULL,
  `path_info` varchar(255) NOT NULL,
  `attempt_time` datetime(6) NOT NULL,
  `get_data` longtext NOT NULL,
  `post_data` longtext NOT NULL,
  `failures_since_start` int unsigned NOT NULL,
  PRIMARY KEY (`id`),
  UNIQUE KEY `axes_accessattempt_username_ip_address_user_agent_8ea22282_uniq` (`username`,`ip_address`,`user_agent`),
  KEY `axes_accessattempt_ip_address_10922d9c` (`ip_address`),
  KEY `axes_accessattempt_user_agent_ad89678b` (`user_agent`),
  KEY `axes_accessattempt_username_3f2d4ca0` (`username`),
  CONSTRAINT `axes_accessattempt_chk_1` CHECK ((`failures_since_start` >= 0))
) ENGINE=InnoDB AUTO_INCREMENT=2 DEFAULT CHARSET=utf8mb4 COLLATE=utf8mb4_0900_ai_ci;
/*!40101 SET character_set_client = @saved_cs_client */;

--
-- Dumping data for table `axes_accessattempt`
--

LOCK TABLES `axes_accessattempt` WRITE;
/*!40000 ALTER TABLE `axes_accessattempt` DISABLE KEYS */;
/*!40000 ALTER TABLE `axes_accessattempt` ENABLE KEYS */;
UNLOCK TABLES;

--
-- Table structure for table `axes_accessattemptexpiration`
--

DROP TABLE IF EXISTS `axes_accessattemptexpiration`;
/*!40101 SET @saved_cs_client     = @@character_set_client */;
/*!50503 SET character_set_client = utf8mb4 */;
CREATE TABLE `axes_accessattemptexpiration` (
  `access_attempt_id` int NOT NULL,
  `expires_at` datetime(6) NOT NULL,
  PRIMARY KEY (`access_attempt_id`),
  CONSTRAINT `axes_accessattemptex_access_attempt_id_6b73a47a_fk_axes_acce` FOREIGN KEY (`access_attempt_id`) REFERENCES `axes_accessattempt` (`id`)
) ENGINE=InnoDB DEFAULT CHARSET=utf8mb4 COLLATE=utf8mb4_0900_ai_ci;
/*!40101 SET character_set_client = @saved_cs_client */;

--
-- Dumping data for table `axes_accessattemptexpiration`
--

LOCK TABLES `axes_accessattemptexpiration` WRITE;
/*!40000 ALTER TABLE `axes_accessattemptexpiration` DISABLE KEYS */;
/*!40000 ALTER TABLE `axes_accessattemptexpiration` ENABLE KEYS */;
UNLOCK TABLES;

--
-- Table structure for table `axes_accessfailurelog`
--

DROP TABLE IF EXISTS `axes_accessfailurelog`;
/*!40101 SET @saved_cs_client     = @@character_set_client */;
/*!50503 SET character_set_client = utf8mb4 */;
CREATE TABLE `axes_accessfailurelog` (
  `id` int NOT NULL AUTO_INCREMENT,
  `user_agent` varchar(255) NOT NULL,
  `ip_address` char(39) DEFAULT NULL,
  `username` varchar(255) DEFAULT NULL,
  `http_accept` varchar(1025) NOT NULL,
  `path_info` varchar(255) NOT NULL,
  `attempt_time` datetime(6) NOT NULL,
  `locked_out` tinyint(1) NOT NULL,
  PRIMARY KEY (`id`),
  KEY `axes_accessfailurelog_user_agent_ea145dda` (`user_agent`),
  KEY `axes_accessfailurelog_ip_address_2e9f5a7f` (`ip_address`),
  KEY `axes_accessfailurelog_username_a8b7e8a4` (`username`)
) ENGINE=InnoDB DEFAULT CHARSET=utf8mb4 COLLATE=utf8mb4_0900_ai_ci;
/*!40101 SET character_set_client = @saved_cs_client */;

--
-- Dumping data for table `axes_accessfailurelog`
--

LOCK TABLES `axes_accessfailurelog` WRITE;
/*!40000 ALTER TABLE `axes_accessfailurelog` DISABLE KEYS */;
/*!40000 ALTER TABLE `axes_accessfailurelog` ENABLE KEYS */;
UNLOCK TABLES;

--
-- Table structure for table `axes_accesslog`
--

DROP TABLE IF EXISTS `axes_accesslog`;
/*!40101 SET @saved_cs_client     = @@character_set_client */;
/*!50503 SET character_set_client = utf8mb4 */;
CREATE TABLE `axes_accesslog` (
  `id` int NOT NULL AUTO_INCREMENT,
  `user_agent` varchar(255) NOT NULL,
  `ip_address` char(39) DEFAULT NULL,
  `username` varchar(255) DEFAULT NULL,
  `http_accept` varchar(1025) NOT NULL,
  `path_info` varchar(255) NOT NULL,
  `attempt_time` datetime(6) NOT NULL,
  `logout_time` datetime(6) DEFAULT NULL,
  `session_hash` varchar(64) NOT NULL,
  PRIMARY KEY (`id`),
  KEY `axes_accesslog_ip_address_86b417e5` (`ip_address`),
  KEY `axes_accesslog_user_agent_0e659004` (`user_agent`),
  KEY `axes_accesslog_username_df93064b` (`username`)
) ENGINE=InnoDB AUTO_INCREMENT=2 DEFAULT CHARSET=utf8mb4 COLLATE=utf8mb4_0900_ai_ci;
/*!40101 SET character_set_client = @saved_cs_client */;

--
-- Dumping data for table `axes_accesslog`
--

LOCK TABLES `axes_accesslog` WRITE;
/*!40000 ALTER TABLE `axes_accesslog` DISABLE KEYS */;
INSERT INTO `axes_accesslog` VALUES (1,'Mozilla/5.0 (Windows NT 10.0; Win64; x64) AppleWebKit/537.36 (KHTML, like Gecko) Chrome/147.0.0.0 Safari/537.36 Edg/147.0.0.0','127.0.0.1','sofia','text/html,application/xhtml+xml,application/xml;q=0.9,image/avif,image/webp,image/apng,*/*;q=0.8,application/signed-exchange;v=b3;q=0.7','/login/','2026-05-04 13:17:59.671867',NULL,'7c31e5896e695aca6f58ddc5d83dca55b8959aae5b4694ae23896a7846d28051');
/*!40000 ALTER TABLE `axes_accesslog` ENABLE KEYS */;
UNLOCK TABLES;

--
-- Table structure for table `calendario`
--

DROP TABLE IF EXISTS `calendario`;
/*!40101 SET @saved_cs_client     = @@character_set_client */;
/*!50503 SET character_set_client = utf8mb4 */;
CREATE TABLE `calendario` (
  `id` bigint NOT NULL AUTO_INCREMENT,
  `titulo` varchar(100) NOT NULL,
  `fecha` date NOT NULL,
  `hora` time(6) NOT NULL,
  `categoria` varchar(20) NOT NULL,
  `descripcion` longtext,
  `modo_completado` varchar(15) NOT NULL,
  `estado` varchar(20) NOT NULL,
  PRIMARY KEY (`id`)
) ENGINE=InnoDB DEFAULT CHARSET=utf8mb4 COLLATE=utf8mb4_0900_ai_ci;
/*!40101 SET character_set_client = @saved_cs_client */;

--
-- Dumping data for table `calendario`
--

LOCK TABLES `calendario` WRITE;
/*!40000 ALTER TABLE `calendario` DISABLE KEYS */;
/*!40000 ALTER TABLE `calendario` ENABLE KEYS */;
UNLOCK TABLES;

--
-- Table structure for table `categorias`
--

DROP TABLE IF EXISTS `categorias`;
/*!40101 SET @saved_cs_client     = @@character_set_client */;
/*!50503 SET character_set_client = utf8mb4 */;
CREATE TABLE `categorias` (
  `id` bigint NOT NULL AUTO_INCREMENT,
  `nombre` varchar(100) NOT NULL,
  `descripcion` longtext NOT NULL,
  `tipo` varchar(20) NOT NULL,
  `estado` tinyint(1) NOT NULL,
  PRIMARY KEY (`id`),
  UNIQUE KEY `nombre` (`nombre`)
) ENGINE=InnoDB AUTO_INCREMENT=3 DEFAULT CHARSET=utf8mb4 COLLATE=utf8mb4_0900_ai_ci;
/*!40101 SET character_set_client = @saved_cs_client */;

--
-- Dumping data for table `categorias`
--

LOCK TABLES `categorias` WRITE;
/*!40000 ALTER TABLE `categorias` DISABLE KEYS */;
INSERT INTO `categorias` VALUES (1,'bases','gtyhjuikjhghjhgvfg','producto',1),(2,'necesario','sdfghgfsdfbgfs','insumo',1);
/*!40000 ALTER TABLE `categorias` ENABLE KEYS */;
UNLOCK TABLES;

--
-- Table structure for table `clientes`
--

DROP TABLE IF EXISTS `clientes`;
/*!40101 SET @saved_cs_client     = @@character_set_client */;
/*!50503 SET character_set_client = utf8mb4 */;
CREATE TABLE `clientes` (
  `id` bigint NOT NULL AUTO_INCREMENT,
  `nombre` varchar(100) NOT NULL,
  `telefono` varchar(15) NOT NULL,
  `direccion` varchar(200) NOT NULL,
  `email` varchar(150) DEFAULT NULL,
  `es_especial` tinyint(1) NOT NULL,
  `estado` tinyint(1) NOT NULL,
  PRIMARY KEY (`id`)
) ENGINE=InnoDB DEFAULT CHARSET=utf8mb4 COLLATE=utf8mb4_0900_ai_ci;
/*!40101 SET character_set_client = @saved_cs_client */;

--
-- Dumping data for table `clientes`
--

LOCK TABLES `clientes` WRITE;
/*!40000 ALTER TABLE `clientes` DISABLE KEYS */;
/*!40000 ALTER TABLE `clientes` ENABLE KEYS */;
UNLOCK TABLES;

--
-- Table structure for table `despacho`
--

DROP TABLE IF EXISTS `despacho`;
/*!40101 SET @saved_cs_client     = @@character_set_client */;
/*!50503 SET character_set_client = utf8mb4 */;
CREATE TABLE `despacho` (
  `id` bigint NOT NULL AUTO_INCREMENT,
  `estado` varchar(20) NOT NULL,
  `fecha_despacho` datetime(6) NOT NULL,
  `fecha_entrega_real` datetime(6) DEFAULT NULL,
  `direccion_entrega` varchar(200) NOT NULL,
  `telefono_contacto` varchar(15) NOT NULL,
  `observaciones` longtext,
  `responsable` varchar(100) DEFAULT NULL,
  `empresa_transporte` varchar(100) DEFAULT NULL,
  `numero_guia` varchar(100) DEFAULT NULL,
  `costo_envio` decimal(10,2) NOT NULL,
  `pedido_id` bigint NOT NULL,
  `supervision_id` bigint DEFAULT NULL,
  PRIMARY KEY (`id`),
  UNIQUE KEY `pedido_id` (`pedido_id`),
  KEY `despacho_supervision_id_70f698b3_fk_supervision_id` (`supervision_id`),
  CONSTRAINT `despacho_pedido_id_b9615fc5_fk_pedido_id` FOREIGN KEY (`pedido_id`) REFERENCES `pedido` (`id`),
  CONSTRAINT `despacho_supervision_id_70f698b3_fk_supervision_id` FOREIGN KEY (`supervision_id`) REFERENCES `supervision` (`id`)
) ENGINE=InnoDB DEFAULT CHARSET=utf8mb4 COLLATE=utf8mb4_0900_ai_ci;
/*!40101 SET character_set_client = @saved_cs_client */;

--
-- Dumping data for table `despacho`
--

LOCK TABLES `despacho` WRITE;
/*!40000 ALTER TABLE `despacho` DISABLE KEYS */;
/*!40000 ALTER TABLE `despacho` ENABLE KEYS */;
UNLOCK TABLES;

--
-- Table structure for table `detalle_pedido`
--

DROP TABLE IF EXISTS `detalle_pedido`;
/*!40101 SET @saved_cs_client     = @@character_set_client */;
/*!50503 SET character_set_client = utf8mb4 */;
CREATE TABLE `detalle_pedido` (
  `id` bigint NOT NULL AUTO_INCREMENT,
  `cantidad` int NOT NULL,
  `precio_unitario` decimal(10,2) NOT NULL,
  `sub_total` decimal(10,2) NOT NULL,
  `es_personalizado` tinyint(1) NOT NULL,
  `especificaciones` longtext,
  `observaciones` longtext,
  `pedido_id` bigint NOT NULL,
  `producto_id` bigint DEFAULT NULL,
  PRIMARY KEY (`id`),
  KEY `detalle_pedido_pedido_id_75d4855e_fk_pedido_id` (`pedido_id`),
  KEY `detalle_pedido_producto_id_bc3adbcb_fk_productos_id` (`producto_id`),
  CONSTRAINT `detalle_pedido_pedido_id_75d4855e_fk_pedido_id` FOREIGN KEY (`pedido_id`) REFERENCES `pedido` (`id`),
  CONSTRAINT `detalle_pedido_producto_id_bc3adbcb_fk_productos_id` FOREIGN KEY (`producto_id`) REFERENCES `productos` (`id`)
) ENGINE=InnoDB DEFAULT CHARSET=utf8mb4 COLLATE=utf8mb4_0900_ai_ci;
/*!40101 SET character_set_client = @saved_cs_client */;

--
-- Dumping data for table `detalle_pedido`
--

LOCK TABLES `detalle_pedido` WRITE;
/*!40000 ALTER TABLE `detalle_pedido` DISABLE KEYS */;
/*!40000 ALTER TABLE `detalle_pedido` ENABLE KEYS */;
UNLOCK TABLES;

--
-- Table structure for table `django_admin_log`
--

DROP TABLE IF EXISTS `django_admin_log`;
/*!40101 SET @saved_cs_client     = @@character_set_client */;
/*!50503 SET character_set_client = utf8mb4 */;
CREATE TABLE `django_admin_log` (
  `id` int NOT NULL AUTO_INCREMENT,
  `action_time` datetime(6) NOT NULL,
  `object_id` longtext,
  `object_repr` varchar(200) NOT NULL,
  `action_flag` smallint unsigned NOT NULL,
  `change_message` longtext NOT NULL,
  `content_type_id` int DEFAULT NULL,
  `user_id` bigint NOT NULL,
  PRIMARY KEY (`id`),
  KEY `django_admin_log_content_type_id_c4bce8eb_fk_django_co` (`content_type_id`),
  KEY `django_admin_log_user_id_c564eba6_fk_usuarios_id` (`user_id`),
  CONSTRAINT `django_admin_log_content_type_id_c4bce8eb_fk_django_co` FOREIGN KEY (`content_type_id`) REFERENCES `django_content_type` (`id`),
  CONSTRAINT `django_admin_log_user_id_c564eba6_fk_usuarios_id` FOREIGN KEY (`user_id`) REFERENCES `usuarios` (`id`),
  CONSTRAINT `django_admin_log_chk_1` CHECK ((`action_flag` >= 0))
) ENGINE=InnoDB DEFAULT CHARSET=utf8mb4 COLLATE=utf8mb4_0900_ai_ci;
/*!40101 SET character_set_client = @saved_cs_client */;

--
-- Dumping data for table `django_admin_log`
--

LOCK TABLES `django_admin_log` WRITE;
/*!40000 ALTER TABLE `django_admin_log` DISABLE KEYS */;
/*!40000 ALTER TABLE `django_admin_log` ENABLE KEYS */;
UNLOCK TABLES;

--
-- Table structure for table `django_content_type`
--

DROP TABLE IF EXISTS `django_content_type`;
/*!40101 SET @saved_cs_client     = @@character_set_client */;
/*!50503 SET character_set_client = utf8mb4 */;
CREATE TABLE `django_content_type` (
  `id` int NOT NULL AUTO_INCREMENT,
  `app_label` varchar(100) NOT NULL,
  `model` varchar(100) NOT NULL,
  PRIMARY KEY (`id`),
  UNIQUE KEY `django_content_type_app_label_model_76bd3d3b_uniq` (`app_label`,`model`)
) ENGINE=InnoDB AUTO_INCREMENT=36 DEFAULT CHARSET=utf8mb4 COLLATE=utf8mb4_0900_ai_ci;
/*!40101 SET character_set_client = @saved_cs_client */;

--
-- Dumping data for table `django_content_type`
--

LOCK TABLES `django_content_type` WRITE;
/*!40000 ALTER TABLE `django_content_type` DISABLE KEYS */;
INSERT INTO `django_content_type` VALUES (1,'admin','logentry'),(6,'app','bom'),(7,'app','calendario'),(8,'app','categoria'),(9,'app','cliente'),(10,'app','compra'),(11,'app','despacho'),(12,'app','detalle_pedido'),(13,'app','entrada'),(14,'app','garantia'),(15,'app','historial_acciones'),(16,'app','insumo'),(17,'app','garantia'),(18,'app','notificacion'),(19,'app','pago'),(20,'app','pedido'),(21,'app','producto'),(22,'app','proveedor'),(23,'app','reporte'),(24,'app','respaldo'),(25,'app','salida_producto'),(26,'app','supervision'),(27,'app','usuario'),(2,'auth','group'),(3,'auth','permission'),(28,'axes','accessattempt'),(29,'axes','accessattemptexpiration'),(30,'axes','accessfailurelog'),(31,'axes','accesslog'),(4,'contenttypes','contenttype'),(32,'ia','historialchat'),(5,'sessions','session'),(33,'webpush','group'),(34,'webpush','pushinformation'),(35,'webpush','subscriptioninfo');
/*!40000 ALTER TABLE `django_content_type` ENABLE KEYS */;
UNLOCK TABLES;

--
-- Table structure for table `django_migrations`
--

DROP TABLE IF EXISTS `django_migrations`;
/*!40101 SET @saved_cs_client     = @@character_set_client */;
/*!50503 SET character_set_client = utf8mb4 */;
CREATE TABLE `django_migrations` (
  `id` bigint NOT NULL AUTO_INCREMENT,
  `app` varchar(255) NOT NULL,
  `name` varchar(255) NOT NULL,
  `applied` datetime(6) NOT NULL,
  PRIMARY KEY (`id`)
) ENGINE=InnoDB AUTO_INCREMENT=37 DEFAULT CHARSET=utf8mb4 COLLATE=utf8mb4_0900_ai_ci;
/*!40101 SET character_set_client = @saved_cs_client */;

--
-- Dumping data for table `django_migrations`
--

LOCK TABLES `django_migrations` WRITE;
/*!40000 ALTER TABLE `django_migrations` DISABLE KEYS */;
INSERT INTO `django_migrations` VALUES (1,'contenttypes','0001_initial','2026-05-04 13:16:15.849159'),(2,'contenttypes','0002_remove_content_type_name','2026-05-04 13:16:15.985617'),(3,'auth','0001_initial','2026-05-04 13:16:16.600200'),(4,'auth','0002_alter_permission_name_max_length','2026-05-04 13:16:16.752497'),(5,'auth','0003_alter_user_email_max_length','2026-05-04 13:16:16.766489'),(6,'auth','0004_alter_user_username_opts','2026-05-04 13:16:16.782180'),(7,'auth','0005_alter_user_last_login_null','2026-05-04 13:16:16.796603'),(8,'auth','0006_require_contenttypes_0002','2026-05-04 13:16:16.819521'),(9,'auth','0007_alter_validators_add_error_messages','2026-05-04 13:16:16.848233'),(10,'auth','0008_alter_user_username_max_length','2026-05-04 13:16:16.863426'),(11,'auth','0009_alter_user_last_name_max_length','2026-05-04 13:16:16.877719'),(12,'auth','0010_alter_group_name_max_length','2026-05-04 13:16:16.915852'),(13,'auth','0011_update_proxy_permissions','2026-05-04 13:16:16.936303'),(14,'auth','0012_alter_user_first_name_max_length','2026-05-04 13:16:16.947640'),(15,'app','0001_initial','2026-05-04 13:16:20.505613'),(16,'admin','0001_initial','2026-05-04 13:16:20.810143'),(17,'admin','0002_logentry_remove_auto_add','2026-05-04 13:16:20.833725'),(18,'admin','0003_logentry_add_action_flag_choices','2026-05-04 13:16:20.858991'),(19,'axes','0001_initial','2026-05-04 13:16:20.921501'),(20,'axes','0002_auto_20151217_2044','2026-05-04 13:16:21.107968'),(21,'axes','0003_auto_20160322_0929','2026-05-04 13:16:21.137082'),(22,'axes','0004_auto_20181024_1538','2026-05-04 13:16:21.164818'),(23,'axes','0005_remove_accessattempt_trusted','2026-05-04 13:16:21.234093'),(24,'axes','0006_remove_accesslog_trusted','2026-05-04 13:16:21.370683'),(25,'axes','0007_alter_accessattempt_unique_together','2026-05-04 13:16:21.459432'),(26,'axes','0008_accessfailurelog','2026-05-04 13:16:21.556500'),(27,'axes','0009_add_session_hash','2026-05-04 13:16:21.632810'),(28,'axes','0010_accessattemptexpiration','2026-05-04 13:16:21.720415'),(29,'ia','0001_initial','2026-05-04 13:16:21.856779'),(30,'sessions','0001_initial','2026-05-04 13:16:21.904558'),(31,'webpush','0001_initial','2026-05-04 13:16:22.229401'),(32,'webpush','0002_auto_20190603_0005','2026-05-04 13:16:22.253344'),(33,'webpush','0003_subscriptioninfo_user_agent','2026-05-04 13:16:22.330357'),(34,'webpush','0004_auto_20220831_1500','2026-05-04 13:16:23.117413'),(35,'webpush','0005_auto_20230614_1529','2026-05-04 13:16:23.780010'),(36,'webpush','0006_alter_subscriptioninfo_user_agent','2026-05-04 13:16:23.786700');
/*!40000 ALTER TABLE `django_migrations` ENABLE KEYS */;
UNLOCK TABLES;

--
-- Table structure for table `django_session`
--

DROP TABLE IF EXISTS `django_session`;
/*!40101 SET @saved_cs_client     = @@character_set_client */;
/*!50503 SET character_set_client = utf8mb4 */;
CREATE TABLE `django_session` (
  `session_key` varchar(40) NOT NULL,
  `session_data` longtext NOT NULL,
  `expire_date` datetime(6) NOT NULL,
  PRIMARY KEY (`session_key`),
  KEY `django_session_expire_date_a5c62663` (`expire_date`)
) ENGINE=InnoDB DEFAULT CHARSET=utf8mb4 COLLATE=utf8mb4_0900_ai_ci;
/*!40101 SET character_set_client = @saved_cs_client */;

--
-- Dumping data for table `django_session`
--

LOCK TABLES `django_session` WRITE;
/*!40000 ALTER TABLE `django_session` DISABLE KEYS */;
INSERT INTO `django_session` VALUES ('9dmix26z53qkg4zxep1xeb8ciqzfkn1g','.eJxVjEsKwzAMBe-idQmOIyO7y0LPYSRZxqEfQp2sSu9eAlm0y3nDmzdk3taWt26vPBc4wwin301Yb_bcBS_LcFAfrg-e75fD_R0a97ZnMCSqwlidYpzQleC901IleKuMhhYUhaJOTBbREtJYiFxilCQEny8KaTHR:1wJtBP:kAn5mJ1uAiHrL8cjlXkO_tSyW5SuDiYs9KxGO0Zx7WQ','2026-05-18 13:17:59.725429');
/*!40000 ALTER TABLE `django_session` ENABLE KEYS */;
UNLOCK TABLES;

--
-- Table structure for table `entrada`
--

DROP TABLE IF EXISTS `entrada`;
/*!40101 SET @saved_cs_client     = @@character_set_client */;
/*!50503 SET character_set_client = utf8mb4 */;
CREATE TABLE `entrada` (
  `id` bigint NOT NULL AUTO_INCREMENT,
  `fecha` datetime(6) NOT NULL,
  `cantidad` int NOT NULL,
  `precio_unitario` decimal(12,2) NOT NULL,
  `total` decimal(12,2) NOT NULL,
  `observaciones` longtext,
  `estado` tinyint(1) NOT NULL,
  `anulado` tinyint(1) NOT NULL,
  `usuario_id` bigint DEFAULT NULL,
  `producto_id` bigint NOT NULL,
  `proveedor_id` bigint DEFAULT NULL,
  PRIMARY KEY (`id`),
  KEY `entrada_usuario_id_180cfbb0_fk_usuarios_id` (`usuario_id`),
  KEY `entrada_producto_id_6810d15d_fk_productos_id` (`producto_id`),
  KEY `entrada_proveedor_id_07c29e94_fk_proveedor_id` (`proveedor_id`),
  CONSTRAINT `entrada_producto_id_6810d15d_fk_productos_id` FOREIGN KEY (`producto_id`) REFERENCES `productos` (`id`),
  CONSTRAINT `entrada_proveedor_id_07c29e94_fk_proveedor_id` FOREIGN KEY (`proveedor_id`) REFERENCES `proveedor` (`id`),
  CONSTRAINT `entrada_usuario_id_180cfbb0_fk_usuarios_id` FOREIGN KEY (`usuario_id`) REFERENCES `usuarios` (`id`)
) ENGINE=InnoDB DEFAULT CHARSET=utf8mb4 COLLATE=utf8mb4_0900_ai_ci;
/*!40101 SET character_set_client = @saved_cs_client */;

--
-- Dumping data for table `entrada`
--

LOCK TABLES `entrada` WRITE;
/*!40000 ALTER TABLE `entrada` DISABLE KEYS */;
/*!40000 ALTER TABLE `entrada` ENABLE KEYS */;
UNLOCK TABLES;

--
-- Table structure for table `garantias`
--

DROP TABLE IF EXISTS `garantias`;
/*!40101 SET @saved_cs_client     = @@character_set_client */;
/*!50503 SET character_set_client = utf8mb4 */;
CREATE TABLE `garantias` (
  `id` bigint NOT NULL AUTO_INCREMENT,
  `fecha_solicitud` date NOT NULL,
  `descripcion_falla` longtext,
  `estado_reparacion` varchar(20) NOT NULL,
  `estado` tinyint(1) NOT NULL,
  `pedido_id` bigint DEFAULT NULL,
  `producto_id` bigint DEFAULT NULL,
  PRIMARY KEY (`id`),
  KEY `garantias_pedido_id_dc828bc5_fk_pedido_id` (`pedido_id`),
  KEY `garantias_producto_id_c624becf_fk_productos_id` (`producto_id`),
  CONSTRAINT `garantias_pedido_id_dc828bc5_fk_pedido_id` FOREIGN KEY (`pedido_id`) REFERENCES `pedido` (`id`),
  CONSTRAINT `garantias_producto_id_c624becf_fk_productos_id` FOREIGN KEY (`producto_id`) REFERENCES `productos` (`id`)
) ENGINE=InnoDB DEFAULT CHARSET=utf8mb4 COLLATE=utf8mb4_0900_ai_ci;
/*!40101 SET character_set_client = @saved_cs_client */;

--
-- Dumping data for table `garantias`
--

LOCK TABLES `garantias` WRITE;
/*!40000 ALTER TABLE `garantias` DISABLE KEYS */;
/*!40000 ALTER TABLE `garantias` ENABLE KEYS */;
UNLOCK TABLES;

--
-- Table structure for table `historial_acciones`
--

DROP TABLE IF EXISTS `historial_acciones`;
/*!40101 SET @saved_cs_client     = @@character_set_client */;
/*!50503 SET character_set_client = utf8mb4 */;
CREATE TABLE `historial_acciones` (
  `id` bigint NOT NULL AUTO_INCREMENT,
  `fecha` datetime(6) NOT NULL,
  `tipo_accion` varchar(20) NOT NULL,
  `modulo` varchar(20) NOT NULL,
  `descripcion` varchar(255) NOT NULL,
  `detalles` longtext,
  `ip_address` char(39) DEFAULT NULL,
  `usuario_id` bigint NOT NULL,
  PRIMARY KEY (`id`),
  KEY `historial_acciones_usuario_id_95838b1e_fk_usuarios_id` (`usuario_id`),
  CONSTRAINT `historial_acciones_usuario_id_95838b1e_fk_usuarios_id` FOREIGN KEY (`usuario_id`) REFERENCES `usuarios` (`id`)
) ENGINE=InnoDB AUTO_INCREMENT=5 DEFAULT CHARSET=utf8mb4 COLLATE=utf8mb4_0900_ai_ci;
/*!40101 SET character_set_client = @saved_cs_client */;

--
-- Dumping data for table `historial_acciones`
--

LOCK TABLES `historial_acciones` WRITE;
/*!40000 ALTER TABLE `historial_acciones` DISABLE KEYS */;
INSERT INTO `historial_acciones` VALUES (1,'2026-05-04 13:18:18.850617','crear','productos','Creó el producto \"base cama 120 x 190\"',NULL,NULL,1),(2,'2026-05-04 13:20:27.853518','crear','bom','Creó/Actualizó receta para \"base cama 120 x 190\"',NULL,NULL,1),(3,'2026-05-04 13:21:47.942842','consultar','reportes','Consultó el Dashboard de Reportes y Estadísticas',NULL,NULL,1),(4,'2026-05-04 13:27:24.618131','inactivar','productos','Inactivó el producto \"base cama 120 x 190\"',NULL,NULL,1);
/*!40000 ALTER TABLE `historial_acciones` ENABLE KEYS */;
UNLOCK TABLES;

--
-- Table structure for table `ia_historialchat`
--

DROP TABLE IF EXISTS `ia_historialchat`;
/*!40101 SET @saved_cs_client     = @@character_set_client */;
/*!50503 SET character_set_client = utf8mb4 */;
CREATE TABLE `ia_historialchat` (
  `id` bigint NOT NULL AUTO_INCREMENT,
  `mensaje_usuario` longtext NOT NULL,
  `respuesta_ia` longtext NOT NULL,
  `fecha` datetime(6) NOT NULL,
  `usuario_id` bigint DEFAULT NULL,
  PRIMARY KEY (`id`),
  KEY `ia_historialchat_usuario_id_9df81953_fk_usuarios_id` (`usuario_id`),
  CONSTRAINT `ia_historialchat_usuario_id_9df81953_fk_usuarios_id` FOREIGN KEY (`usuario_id`) REFERENCES `usuarios` (`id`)
) ENGINE=InnoDB DEFAULT CHARSET=utf8mb4 COLLATE=utf8mb4_0900_ai_ci;
/*!40101 SET character_set_client = @saved_cs_client */;

--
-- Dumping data for table `ia_historialchat`
--

LOCK TABLES `ia_historialchat` WRITE;
/*!40000 ALTER TABLE `ia_historialchat` DISABLE KEYS */;
/*!40000 ALTER TABLE `ia_historialchat` ENABLE KEYS */;
UNLOCK TABLES;

--
-- Table structure for table `insumo`
--

DROP TABLE IF EXISTS `insumo`;
/*!40101 SET @saved_cs_client     = @@character_set_client */;
/*!50503 SET character_set_client = utf8mb4 */;
CREATE TABLE `insumo` (
  `id` bigint NOT NULL AUTO_INCREMENT,
  `nombre` varchar(100) NOT NULL,
  `descripcion` longtext,
  `cantidad` int NOT NULL,
  `unidad_medida` varchar(20) NOT NULL,
  `precio` decimal(10,2) NOT NULL,
  `estado` varchar(20) NOT NULL,
  `id_categoria_id` bigint NOT NULL,
  `id_proveedor_id` bigint NOT NULL,
  PRIMARY KEY (`id`),
  KEY `insumo_id_categoria_id_92e3186c_fk_categorias_id` (`id_categoria_id`),
  KEY `insumo_id_proveedor_id_12db000d_fk_proveedor_id` (`id_proveedor_id`),
  CONSTRAINT `insumo_id_categoria_id_92e3186c_fk_categorias_id` FOREIGN KEY (`id_categoria_id`) REFERENCES `categorias` (`id`),
  CONSTRAINT `insumo_id_proveedor_id_12db000d_fk_proveedor_id` FOREIGN KEY (`id_proveedor_id`) REFERENCES `proveedor` (`id`)
) ENGINE=InnoDB AUTO_INCREMENT=2 DEFAULT CHARSET=utf8mb4 COLLATE=utf8mb4_0900_ai_ci;
/*!40101 SET character_set_client = @saved_cs_client */;

--
-- Dumping data for table `insumo`
--

LOCK TABLES `insumo` WRITE;
/*!40000 ALTER TABLE `insumo` DISABLE KEYS */;
INSERT INTO `insumo` VALUES (1,'madera','wertytrewegrefg',100,'und',1499.99,'Activo',2,1);
/*!40000 ALTER TABLE `insumo` ENABLE KEYS */;
UNLOCK TABLES;

--
-- Table structure for table `garantia`
--

DROP TABLE IF EXISTS `garantia`;
/*!40101 SET @saved_cs_client     = @@character_set_client */;
/*!50503 SET character_set_client = utf8mb4 */;
CREATE TABLE `garantia` (
  `id` bigint NOT NULL AUTO_INCREMENT,
  `fecha` date NOT NULL,
  `descripcion` longtext NOT NULL,
  `id_garantia_id` bigint NOT NULL,
  PRIMARY KEY (`id`),
  KEY `garantia_id_garantia_id_8934d03e_fk_garantias_id` (`id_garantia_id`),
  CONSTRAINT `garantia_id_garantia_id_8934d03e_fk_garantias_id` FOREIGN KEY (`id_garantia_id`) REFERENCES `garantias` (`id`)
) ENGINE=InnoDB DEFAULT CHARSET=utf8mb4 COLLATE=utf8mb4_0900_ai_ci;
/*!40101 SET character_set_client = @saved_cs_client */;

--
-- Dumping data for table `garantia`
--

LOCK TABLES `garantia` WRITE;
/*!40000 ALTER TABLE `garantia` DISABLE KEYS */;
/*!40000 ALTER TABLE `garantia` ENABLE KEYS */;
UNLOCK TABLES;

--
-- Table structure for table `notificaciones`
--

DROP TABLE IF EXISTS `notificaciones`;
/*!40101 SET @saved_cs_client     = @@character_set_client */;
/*!50503 SET character_set_client = utf8mb4 */;
CREATE TABLE `notificaciones` (
  `id` bigint NOT NULL AUTO_INCREMENT,
  `tipo` varchar(30) NOT NULL,
  `titulo` varchar(100) NOT NULL,
  `mensaje` longtext NOT NULL,
  `leida` tinyint(1) NOT NULL,
  `fecha_notif` datetime(6) NOT NULL,
  `target_id` int unsigned DEFAULT NULL,
  `data_json` json NOT NULL,
  `user_id` bigint NOT NULL,
  PRIMARY KEY (`id`),
  KEY `notificaciones_user_id_a5cc14eb_fk_usuarios_id` (`user_id`),
  KEY `notificacio_leida_3ab474_idx` (`leida`,`fecha_notif`),
  CONSTRAINT `notificaciones_user_id_a5cc14eb_fk_usuarios_id` FOREIGN KEY (`user_id`) REFERENCES `usuarios` (`id`),
  CONSTRAINT `notificaciones_chk_1` CHECK ((`target_id` >= 0))
) ENGINE=InnoDB DEFAULT CHARSET=utf8mb4 COLLATE=utf8mb4_0900_ai_ci;
/*!40101 SET character_set_client = @saved_cs_client */;

--
-- Dumping data for table `notificaciones`
--

LOCK TABLES `notificaciones` WRITE;
/*!40000 ALTER TABLE `notificaciones` DISABLE KEYS */;
/*!40000 ALTER TABLE `notificaciones` ENABLE KEYS */;
UNLOCK TABLES;

--
-- Table structure for table `pagos`
--

DROP TABLE IF EXISTS `pagos`;
/*!40101 SET @saved_cs_client     = @@character_set_client */;
/*!50503 SET character_set_client = utf8mb4 */;
CREATE TABLE `pagos` (
  `id` bigint NOT NULL AUTO_INCREMENT,
  `fecha_pago` date NOT NULL,
  `monto` decimal(10,2) NOT NULL,
  `estado` tinyint(1) NOT NULL,
  `pedido_id` bigint NOT NULL,
  PRIMARY KEY (`id`),
  KEY `pagos_pedido_id_3433cb91_fk_pedido_id` (`pedido_id`),
  CONSTRAINT `pagos_pedido_id_3433cb91_fk_pedido_id` FOREIGN KEY (`pedido_id`) REFERENCES `pedido` (`id`)
) ENGINE=InnoDB DEFAULT CHARSET=utf8mb4 COLLATE=utf8mb4_0900_ai_ci;
/*!40101 SET character_set_client = @saved_cs_client */;

--
-- Dumping data for table `pagos`
--

LOCK TABLES `pagos` WRITE;
/*!40000 ALTER TABLE `pagos` DISABLE KEYS */;
/*!40000 ALTER TABLE `pagos` ENABLE KEYS */;
UNLOCK TABLES;

--
-- Table structure for table `pedido`
--

DROP TABLE IF EXISTS `pedido`;
/*!40101 SET @saved_cs_client     = @@character_set_client */;
/*!50503 SET character_set_client = utf8mb4 */;
CREATE TABLE `pedido` (
  `id` bigint NOT NULL AUTO_INCREMENT,
  `fecha` datetime(6) NOT NULL,
  `fecha_entrega` date DEFAULT NULL,
  `fecha_limite_pago` date DEFAULT NULL,
  `estado` varchar(20) NOT NULL,
  `total` decimal(12,2) NOT NULL,
  `abono` decimal(12,2) DEFAULT NULL,
  `cliente_id` bigint NOT NULL,
  PRIMARY KEY (`id`),
  KEY `pedido_cliente_id_e6353bb4_fk_clientes_id` (`cliente_id`),
  CONSTRAINT `pedido_cliente_id_e6353bb4_fk_clientes_id` FOREIGN KEY (`cliente_id`) REFERENCES `clientes` (`id`)
) ENGINE=InnoDB DEFAULT CHARSET=utf8mb4 COLLATE=utf8mb4_0900_ai_ci;
/*!40101 SET character_set_client = @saved_cs_client */;

--
-- Dumping data for table `pedido`
--

LOCK TABLES `pedido` WRITE;
/*!40000 ALTER TABLE `pedido` DISABLE KEYS */;
/*!40000 ALTER TABLE `pedido` ENABLE KEYS */;
UNLOCK TABLES;

--
-- Table structure for table `producto_insumo`
--

DROP TABLE IF EXISTS `producto_insumo`;
/*!40101 SET @saved_cs_client     = @@character_set_client */;
/*!50503 SET character_set_client = utf8mb4 */;
CREATE TABLE `producto_insumo` (
  `id` bigint NOT NULL AUTO_INCREMENT,
  `cantidad` int NOT NULL,
  `unidad_medida` varchar(50) NOT NULL,
  `insumo_id` bigint NOT NULL,
  `producto_id` bigint NOT NULL,
  PRIMARY KEY (`id`),
  UNIQUE KEY `producto_insumo_producto_id_insumo_id_2309496f_uniq` (`producto_id`,`insumo_id`),
  KEY `producto_insumo_insumo_id_a8fb8418_fk_insumo_id` (`insumo_id`),
  CONSTRAINT `producto_insumo_insumo_id_a8fb8418_fk_insumo_id` FOREIGN KEY (`insumo_id`) REFERENCES `insumo` (`id`),
  CONSTRAINT `producto_insumo_producto_id_1d231c9d_fk_productos_id` FOREIGN KEY (`producto_id`) REFERENCES `productos` (`id`)
) ENGINE=InnoDB AUTO_INCREMENT=2 DEFAULT CHARSET=utf8mb4 COLLATE=utf8mb4_0900_ai_ci;
/*!40101 SET character_set_client = @saved_cs_client */;

--
-- Dumping data for table `producto_insumo`
--

LOCK TABLES `producto_insumo` WRITE;
/*!40000 ALTER TABLE `producto_insumo` DISABLE KEYS */;
INSERT INTO `producto_insumo` VALUES (1,1,'und',1,1);
/*!40000 ALTER TABLE `producto_insumo` ENABLE KEYS */;
UNLOCK TABLES;

--
-- Table structure for table `productos`
--

DROP TABLE IF EXISTS `productos`;
/*!40101 SET @saved_cs_client     = @@character_set_client */;
/*!50503 SET character_set_client = utf8mb4 */;
CREATE TABLE `productos` (
  `id` bigint NOT NULL AUTO_INCREMENT,
  `nombre` varchar(100) NOT NULL,
  `descripcion` longtext NOT NULL,
  `precio` decimal(10,2) NOT NULL,
  `stock` int NOT NULL,
  `imagen` varchar(100) DEFAULT NULL,
  `estado` tinyint(1) NOT NULL,
  `categoria_id` bigint NOT NULL,
  PRIMARY KEY (`id`),
  KEY `productos_categoria_id_92c5ef6b_fk_categorias_id` (`categoria_id`),
  CONSTRAINT `productos_categoria_id_92c5ef6b_fk_categorias_id` FOREIGN KEY (`categoria_id`) REFERENCES `categorias` (`id`)
) ENGINE=InnoDB AUTO_INCREMENT=2 DEFAULT CHARSET=utf8mb4 COLLATE=utf8mb4_0900_ai_ci;
/*!40101 SET character_set_client = @saved_cs_client */;

--
-- Dumping data for table `productos`
--

LOCK TABLES `productos` WRITE;
/*!40000 ALTER TABLE `productos` DISABLE KEYS */;
INSERT INTO `productos` VALUES (1,'base cama 120 x 190','dfghjkjkcxghjkhgfghjjhg',1500.00,100,'',0,1);
/*!40000 ALTER TABLE `productos` ENABLE KEYS */;
UNLOCK TABLES;

--
-- Table structure for table `proveedor`
--

DROP TABLE IF EXISTS `proveedor`;
/*!40101 SET @saved_cs_client     = @@character_set_client */;
/*!50503 SET character_set_client = utf8mb4 */;
CREATE TABLE `proveedor` (
  `id` bigint NOT NULL AUTO_INCREMENT,
  `nombre` varchar(100) NOT NULL,
  `telefono` varchar(15) NOT NULL,
  `direccion` varchar(200) NOT NULL,
  `imagen` varchar(100) DEFAULT NULL,
  `estado` tinyint(1) NOT NULL,
  PRIMARY KEY (`id`)
) ENGINE=InnoDB AUTO_INCREMENT=2 DEFAULT CHARSET=utf8mb4 COLLATE=utf8mb4_0900_ai_ci;
/*!40101 SET character_set_client = @saved_cs_client */;

--
-- Dumping data for table `proveedor`
--

LOCK TABLES `proveedor` WRITE;
/*!40000 ALTER TABLE `proveedor` DISABLE KEYS */;
INSERT INTO `proveedor` VALUES (1,'sofia','1234565432','cra 20 a n 13 jdj','',1);
/*!40000 ALTER TABLE `proveedor` ENABLE KEYS */;
UNLOCK TABLES;

--
-- Table structure for table `proveedor_insumo`
--

DROP TABLE IF EXISTS `proveedor_insumo`;
/*!40101 SET @saved_cs_client     = @@character_set_client */;
/*!50503 SET character_set_client = utf8mb4 */;
CREATE TABLE `proveedor_insumo` (
  `id` bigint NOT NULL AUTO_INCREMENT,
  `fecha_suministro` date NOT NULL,
  `cantidad` int NOT NULL,
  `precio_unidad` decimal(12,2) NOT NULL,
  `insumo_id` bigint NOT NULL,
  `proveedor_id` bigint NOT NULL,
  PRIMARY KEY (`id`),
  UNIQUE KEY `proveedor_insumo_proveedor_id_insumo_id_8d8d81b9_uniq` (`proveedor_id`,`insumo_id`),
  KEY `proveedor_insumo_insumo_id_0a027f32_fk_insumo_id` (`insumo_id`),
  CONSTRAINT `proveedor_insumo_insumo_id_0a027f32_fk_insumo_id` FOREIGN KEY (`insumo_id`) REFERENCES `insumo` (`id`),
  CONSTRAINT `proveedor_insumo_proveedor_id_b69b69f2_fk_proveedor_id` FOREIGN KEY (`proveedor_id`) REFERENCES `proveedor` (`id`)
) ENGINE=InnoDB DEFAULT CHARSET=utf8mb4 COLLATE=utf8mb4_0900_ai_ci;
/*!40101 SET character_set_client = @saved_cs_client */;

--
-- Dumping data for table `proveedor_insumo`
--

LOCK TABLES `proveedor_insumo` WRITE;
/*!40000 ALTER TABLE `proveedor_insumo` DISABLE KEYS */;
/*!40000 ALTER TABLE `proveedor_insumo` ENABLE KEYS */;
UNLOCK TABLES;

--
-- Table structure for table `reporte`
--

DROP TABLE IF EXISTS `reporte`;
/*!40101 SET @saved_cs_client     = @@character_set_client */;
/*!50503 SET character_set_client = utf8mb4 */;
CREATE TABLE `reporte` (
  `id` bigint NOT NULL AUTO_INCREMENT,
  `tipo` varchar(100) NOT NULL,
  `fecha` date NOT NULL,
  `usuario_id` bigint NOT NULL,
  PRIMARY KEY (`id`),
  KEY `reporte_usuario_id_7d124763_fk_usuarios_id` (`usuario_id`),
  CONSTRAINT `reporte_usuario_id_7d124763_fk_usuarios_id` FOREIGN KEY (`usuario_id`) REFERENCES `usuarios` (`id`)
) ENGINE=InnoDB DEFAULT CHARSET=utf8mb4 COLLATE=utf8mb4_0900_ai_ci;
/*!40101 SET character_set_client = @saved_cs_client */;

--
-- Dumping data for table `reporte`
--

LOCK TABLES `reporte` WRITE;
/*!40000 ALTER TABLE `reporte` DISABLE KEYS */;
/*!40000 ALTER TABLE `reporte` ENABLE KEYS */;
UNLOCK TABLES;

--
-- Table structure for table `respaldos`
--

DROP TABLE IF EXISTS `respaldos`;
/*!40101 SET @saved_cs_client     = @@character_set_client */;
/*!50503 SET character_set_client = utf8mb4 */;
CREATE TABLE `respaldos` (
  `id` bigint NOT NULL AUTO_INCREMENT,
  `fecha` datetime(6) NOT NULL,
  `usuario` varchar(100) NOT NULL,
  `tipo_respaldo` varchar(20) NOT NULL,
  `descripcion` longtext,
  `archivo` varchar(100) NOT NULL,
  `estado` tinyint(1) NOT NULL,
  PRIMARY KEY (`id`)
) ENGINE=InnoDB DEFAULT CHARSET=utf8mb4 COLLATE=utf8mb4_0900_ai_ci;
/*!40101 SET character_set_client = @saved_cs_client */;

--
-- Dumping data for table `respaldos`
--

LOCK TABLES `respaldos` WRITE;
/*!40000 ALTER TABLE `respaldos` DISABLE KEYS */;
/*!40000 ALTER TABLE `respaldos` ENABLE KEYS */;
UNLOCK TABLES;

--
-- Table structure for table `salida_producto`
--

DROP TABLE IF EXISTS `salida_producto`;
/*!40101 SET @saved_cs_client     = @@character_set_client */;
/*!50503 SET character_set_client = utf8mb4 */;
CREATE TABLE `salida_producto` (
  `id` bigint NOT NULL AUTO_INCREMENT,
  `cantidad` int NOT NULL,
  `fecha` date NOT NULL,
  `motivo` longtext NOT NULL,
  `responsable` varchar(100) NOT NULL,
  `estado` tinyint(1) NOT NULL,
  `id_producto_id` bigint NOT NULL,
  PRIMARY KEY (`id`),
  KEY `salida_producto_id_producto_id_19c8767a_fk_productos_id` (`id_producto_id`),
  CONSTRAINT `salida_producto_id_producto_id_19c8767a_fk_productos_id` FOREIGN KEY (`id_producto_id`) REFERENCES `productos` (`id`)
) ENGINE=InnoDB DEFAULT CHARSET=utf8mb4 COLLATE=utf8mb4_0900_ai_ci;
/*!40101 SET character_set_client = @saved_cs_client */;

--
-- Dumping data for table `salida_producto`
--

LOCK TABLES `salida_producto` WRITE;
/*!40000 ALTER TABLE `salida_producto` DISABLE KEYS */;
/*!40000 ALTER TABLE `salida_producto` ENABLE KEYS */;
UNLOCK TABLES;

--
-- Table structure for table `supervision`
--

DROP TABLE IF EXISTS `supervision`;
/*!40101 SET @saved_cs_client     = @@character_set_client */;
/*!50503 SET character_set_client = utf8mb4 */;
CREATE TABLE `supervision` (
  `id` bigint NOT NULL AUTO_INCREMENT,
  `fecha` date NOT NULL,
  `descripcion` longtext NOT NULL,
  `usuario_id` bigint NOT NULL,
  PRIMARY KEY (`id`),
  KEY `supervision_usuario_id_947bfdcd_fk_usuarios_id` (`usuario_id`),
  CONSTRAINT `supervision_usuario_id_947bfdcd_fk_usuarios_id` FOREIGN KEY (`usuario_id`) REFERENCES `usuarios` (`id`)
) ENGINE=InnoDB DEFAULT CHARSET=utf8mb4 COLLATE=utf8mb4_0900_ai_ci;
/*!40101 SET character_set_client = @saved_cs_client */;

--
-- Dumping data for table `supervision`
--

LOCK TABLES `supervision` WRITE;
/*!40000 ALTER TABLE `supervision` DISABLE KEYS */;
/*!40000 ALTER TABLE `supervision` ENABLE KEYS */;
UNLOCK TABLES;

--
-- Table structure for table `usuarios`
--

DROP TABLE IF EXISTS `usuarios`;
/*!40101 SET @saved_cs_client     = @@character_set_client */;
/*!50503 SET character_set_client = utf8mb4 */;
CREATE TABLE `usuarios` (
  `id` bigint NOT NULL AUTO_INCREMENT,
  `password` varchar(128) NOT NULL,
  `last_login` datetime(6) DEFAULT NULL,
  `is_superuser` tinyint(1) NOT NULL,
  `username` varchar(150) NOT NULL,
  `first_name` varchar(150) NOT NULL,
  `last_name` varchar(150) NOT NULL,
  `is_staff` tinyint(1) NOT NULL,
  `is_active` tinyint(1) NOT NULL,
  `date_joined` datetime(6) NOT NULL,
  `cedula` varchar(20) NOT NULL,
  `rol` varchar(20) NOT NULL,
  `estado` varchar(20) NOT NULL,
  `foto_usua` varchar(100) DEFAULT NULL,
  `telefono` varchar(15) DEFAULT NULL,
  `email` varchar(100) NOT NULL,
  PRIMARY KEY (`id`),
  UNIQUE KEY `username` (`username`),
  UNIQUE KEY `cedula` (`cedula`),
  UNIQUE KEY `email` (`email`)
) ENGINE=InnoDB AUTO_INCREMENT=2 DEFAULT CHARSET=utf8mb4 COLLATE=utf8mb4_0900_ai_ci;
/*!40101 SET character_set_client = @saved_cs_client */;

--
-- Dumping data for table `usuarios`
--

LOCK TABLES `usuarios` WRITE;
/*!40000 ALTER TABLE `usuarios` DISABLE KEYS */;
INSERT INTO `usuarios` VALUES (1,'pbkdf2_sha256$1200000$A60JImShmJz7RxhguBpg9x$Hum1ZyYAlZaQ5diFUIhclQ6Lio6YYFws2+FQ7Ok9EtQ=','2026-05-04 13:17:59.686532',1,'sofia','','',1,1,'2026-05-04 13:17:36.069616','123456789','admin','Activo','',NULL,'sofia@gmail.com');
/*!40000 ALTER TABLE `usuarios` ENABLE KEYS */;
UNLOCK TABLES;

--
-- Table structure for table `usuarios_groups`
--

DROP TABLE IF EXISTS `usuarios_groups`;
/*!40101 SET @saved_cs_client     = @@character_set_client */;
/*!50503 SET character_set_client = utf8mb4 */;
CREATE TABLE `usuarios_groups` (
  `id` bigint NOT NULL AUTO_INCREMENT,
  `usuario_id` bigint NOT NULL,
  `group_id` int NOT NULL,
  PRIMARY KEY (`id`),
  UNIQUE KEY `usuarios_groups_usuario_id_group_id_a66c5ef3_uniq` (`usuario_id`,`group_id`),
  KEY `usuarios_groups_group_id_18c61092_fk_auth_group_id` (`group_id`),
  CONSTRAINT `usuarios_groups_group_id_18c61092_fk_auth_group_id` FOREIGN KEY (`group_id`) REFERENCES `auth_group` (`id`),
  CONSTRAINT `usuarios_groups_usuario_id_1132ca50_fk_usuarios_id` FOREIGN KEY (`usuario_id`) REFERENCES `usuarios` (`id`)
) ENGINE=InnoDB DEFAULT CHARSET=utf8mb4 COLLATE=utf8mb4_0900_ai_ci;
/*!40101 SET character_set_client = @saved_cs_client */;

--
-- Dumping data for table `usuarios_groups`
--

LOCK TABLES `usuarios_groups` WRITE;
/*!40000 ALTER TABLE `usuarios_groups` DISABLE KEYS */;
/*!40000 ALTER TABLE `usuarios_groups` ENABLE KEYS */;
UNLOCK TABLES;

--
-- Table structure for table `usuarios_user_permissions`
--

DROP TABLE IF EXISTS `usuarios_user_permissions`;
/*!40101 SET @saved_cs_client     = @@character_set_client */;
/*!50503 SET character_set_client = utf8mb4 */;
CREATE TABLE `usuarios_user_permissions` (
  `id` bigint NOT NULL AUTO_INCREMENT,
  `usuario_id` bigint NOT NULL,
  `permission_id` int NOT NULL,
  PRIMARY KEY (`id`),
  UNIQUE KEY `usuarios_user_permissions_usuario_id_permission_id_474b33a5_uniq` (`usuario_id`,`permission_id`),
  KEY `usuarios_user_permis_permission_id_af615ca1_fk_auth_perm` (`permission_id`),
  CONSTRAINT `usuarios_user_permis_permission_id_af615ca1_fk_auth_perm` FOREIGN KEY (`permission_id`) REFERENCES `auth_permission` (`id`),
  CONSTRAINT `usuarios_user_permissions_usuario_id_232fd58d_fk_usuarios_id` FOREIGN KEY (`usuario_id`) REFERENCES `usuarios` (`id`)
) ENGINE=InnoDB DEFAULT CHARSET=utf8mb4 COLLATE=utf8mb4_0900_ai_ci;
/*!40101 SET character_set_client = @saved_cs_client */;

--
-- Dumping data for table `usuarios_user_permissions`
--

LOCK TABLES `usuarios_user_permissions` WRITE;
/*!40000 ALTER TABLE `usuarios_user_permissions` DISABLE KEYS */;
/*!40000 ALTER TABLE `usuarios_user_permissions` ENABLE KEYS */;
UNLOCK TABLES;

--
-- Table structure for table `webpush_group`
--

DROP TABLE IF EXISTS `webpush_group`;
/*!40101 SET @saved_cs_client     = @@character_set_client */;
/*!50503 SET character_set_client = utf8mb4 */;
CREATE TABLE `webpush_group` (
  `id` int NOT NULL AUTO_INCREMENT,
  `name` varchar(255) NOT NULL,
  PRIMARY KEY (`id`),
  UNIQUE KEY `name` (`name`)
) ENGINE=InnoDB DEFAULT CHARSET=utf8mb4 COLLATE=utf8mb4_0900_ai_ci;
/*!40101 SET character_set_client = @saved_cs_client */;

--
-- Dumping data for table `webpush_group`
--

LOCK TABLES `webpush_group` WRITE;
/*!40000 ALTER TABLE `webpush_group` DISABLE KEYS */;
/*!40000 ALTER TABLE `webpush_group` ENABLE KEYS */;
UNLOCK TABLES;

--
-- Table structure for table `webpush_pushinformation`
--

DROP TABLE IF EXISTS `webpush_pushinformation`;
/*!40101 SET @saved_cs_client     = @@character_set_client */;
/*!50503 SET character_set_client = utf8mb4 */;
CREATE TABLE `webpush_pushinformation` (
  `id` int NOT NULL AUTO_INCREMENT,
  `group_id` int DEFAULT NULL,
  `subscription_id` int NOT NULL,
  `user_id` bigint DEFAULT NULL,
  PRIMARY KEY (`id`),
  KEY `webpush_pushinformation_user_id_5e083b7f_fk_usuarios_id` (`user_id`),
  KEY `webpush_pushinformation_group_id_262dcc9a_fk` (`group_id`),
  KEY `webpush_pushinformation_subscription_id_7989aa34_fk` (`subscription_id`),
  CONSTRAINT `webpush_pushinformation_group_id_262dcc9a_fk` FOREIGN KEY (`group_id`) REFERENCES `webpush_group` (`id`),
  CONSTRAINT `webpush_pushinformation_subscription_id_7989aa34_fk` FOREIGN KEY (`subscription_id`) REFERENCES `webpush_subscriptioninfo` (`id`),
  CONSTRAINT `webpush_pushinformation_user_id_5e083b7f_fk_usuarios_id` FOREIGN KEY (`user_id`) REFERENCES `usuarios` (`id`)
) ENGINE=InnoDB DEFAULT CHARSET=utf8mb4 COLLATE=utf8mb4_0900_ai_ci;
/*!40101 SET character_set_client = @saved_cs_client */;

--
-- Dumping data for table `webpush_pushinformation`
--

LOCK TABLES `webpush_pushinformation` WRITE;
/*!40000 ALTER TABLE `webpush_pushinformation` DISABLE KEYS */;
/*!40000 ALTER TABLE `webpush_pushinformation` ENABLE KEYS */;
UNLOCK TABLES;

--
-- Table structure for table `webpush_subscriptioninfo`
--

DROP TABLE IF EXISTS `webpush_subscriptioninfo`;
/*!40101 SET @saved_cs_client     = @@character_set_client */;
/*!50503 SET character_set_client = utf8mb4 */;
CREATE TABLE `webpush_subscriptioninfo` (
  `id` int NOT NULL AUTO_INCREMENT,
  `browser` varchar(100) NOT NULL,
  `endpoint` varchar(500) NOT NULL,
  `auth` varchar(100) NOT NULL,
  `p256dh` varchar(100) NOT NULL,
  `user_agent` varchar(500) NOT NULL,
  PRIMARY KEY (`id`)
) ENGINE=InnoDB DEFAULT CHARSET=utf8mb4 COLLATE=utf8mb4_0900_ai_ci;
/*!40101 SET character_set_client = @saved_cs_client */;

--
-- Dumping data for table `webpush_subscriptioninfo`
--

LOCK TABLES `webpush_subscriptioninfo` WRITE;
/*!40000 ALTER TABLE `webpush_subscriptioninfo` DISABLE KEYS */;
/*!40000 ALTER TABLE `webpush_subscriptioninfo` ENABLE KEYS */;
UNLOCK TABLES;
/*!40103 SET TIME_ZONE=@OLD_TIME_ZONE */;

/*!40101 SET SQL_MODE=@OLD_SQL_MODE */;
/*!40014 SET FOREIGN_KEY_CHECKS=@OLD_FOREIGN_KEY_CHECKS */;
/*!40014 SET UNIQUE_CHECKS=@OLD_UNIQUE_CHECKS */;
/*!40101 SET CHARACTER_SET_CLIENT=@OLD_CHARACTER_SET_CLIENT */;
/*!40101 SET CHARACTER_SET_RESULTS=@OLD_CHARACTER_SET_RESULTS */;
/*!40101 SET COLLATION_CONNECTION=@OLD_COLLATION_CONNECTION */;
/*!40111 SET SQL_NOTES=@OLD_SQL_NOTES */;

-- Dump completed on 2026-05-04  8:31:16
